dive_index,start_time,end_time,duration_s,start_latitude,start_longitude,end_latitude,end_longitude,distance_m,max_depth_m,num_yos,end_battery_capacity,batteryPercent,batteryVoltage,diskSpaceRemainingMb,diskSpaceRemainingPercent
1,2026-01-28T23:05:08.000000Z,2026-01-28T23:13:29.200000Z,501.2,21.20871,-158.15186,21.207615,-158.15144,129.31,31.19,1,20836,99.0,3550.0,55976.0,99.0
2,2026-01-28T23:14:56.000000Z,2026-01-28T23:21:31.799999Z,395.8,21.207531,-158.15132,21.206697,-158.15117,94.03,31.437,1,20832,99.0,3548.0,55975.0,99.0
3,2026-01-28T23:26:10.000000Z,2026-01-28T23:34:48.599999Z,518.6,21.205936,-158.15065,21.204638,-158.15018,152.33,31.473,1,20808,99.0,3550.0,55972.0,99.0
4,2026-01-28T23:35:24.000000Z,2026-01-28T23:42:06.200000Z,402.2,21.204506,-158.15013,21.203775,-158.14989,85.01,31.84,1,20818,99.0,3550.0,55971.0,99.0
5,2026-01-28T23:42:44.000000Z,2026-01-28T23:49:17.799999Z,393.8,21.203678,-158.14983,21.202913,-158.14969,86.29,32.27,1,20813,99.0,3550.0,55970.0,99.0
6,2026-01-28T23:50:08.000000Z,2026-01-28T23:56:49.900000Z,401.9,21.202793,-158.14966,21.202177,-158.14949,70.73,31.318,1,20761,99.0,3548.0,55969.0,99.0
7,2026-01-28T23:58:37.000000Z,2026-01-29T00:05:17.200000Z,400.2,21.201937,-158.14929,21.20122,-158.14915,81.04,31.968,1,20801,99.0,3548.0,55968.0,99.0
8,2026-01-29T00:08:08.000000Z,2026-01-29T00:14:47.900000Z,399.9,21.200817,-158.1488,21.200047,-158.14862,87.63,31.977,1,20795,99.0,3545.0,55967.0,99.0
9,2026-01-29T00:17:51.000000Z,2026-01-29T00:24:31.799999Z,400.8,21.199707,-158.14824,21.199102,-158.14809,69.05,31.638,1,20775,99.0,3545.0,55966.0,99.0
10,2026-01-29T00:26:59.000000Z,2026-01-29T00:33:37.500000Z,398.5,21.198881,-158.14778,21.198189,-158.14767,77.79,31.931,1,20784,99.0,3545.0,55965.0,99.0
11,2026-01-29T00:38:36.000000Z,2026-01-29T00:45:14.900000Z,398.9,21.197495,-158.14713,21.19705,-158.14714,49.49,31.62,1,20775,99.0,3548.0,55964.0,99.0
12,2026-01-29T00:51:38.000000Z,2026-01-29T00:58:14.900000Z,396.9,21.19632,-158.1465,21.19574,-158.14642,65.02,32.068,1,20769,99.0,3545.0,55963.0,99.0
13,2026-01-29T01:07:40.000000Z,2026-01-29T01:14:19.000000Z,399.0,21.19482,-158.14618,21.194376,-158.14616,49.41,32.197,1,20726,99.0,3543.0,55961.0,99.0
14,2026-01-29T01:14:56.000000Z,2026-01-29T01:21:38.200000Z,402.2,21.19434,-158.1461,21.193838,-158.1461,55.82,31.794,1,20752,98.0,3545.0,55960.0,99.0
15,2026-01-29T01:22:23.000000Z,2026-01-29T01:29:08.099999Z,405.1,21.193779,-158.14601,21.193254,-158.14601,58.38,31.977,1,20746,98.0,3545.0,55959.0,99.0
16,2026-01-29T01:32:53.000000Z,2026-01-29T01:39:37.799999Z,404.8,21.192888,-158.14569,21.192331,-158.14568,61.94,32.279,1,20740,98.0,3545.0,55958.0,99.0
17,2026-01-29T01:40:28.000000Z,2026-01-29T01:47:04.700000Z,396.7,21.192263,-158.14554,21.19176,-158.14561,56.4,31.895,1,20735,98.0,3545.0,55957.0,99.0
18,2026-01-29T01:50:44.000000Z,2026-01-29T01:57:23.299999Z,399.3,21.191452,-158.1452,21.19091,-158.14514,60.59,31.528,1,20728,98.0,3543.0,55956.0,99.0
19,2026-01-29T01:59:27.000000Z,2026-01-29T02:06:09.099999Z,402.1,21.190695,-158.1449,21.190191,-158.1448,56.99,31.602,1,20660,98.0,3545.0,55955.0,99.0
20,2026-01-29T02:09:07.000000Z,2026-01-29T02:15:50.000000Z,403.0,21.18987,-158.14453,21.189405,-158.1446,52.21,31.391,1,20717,98.0,3543.0,55954.0,99.0
21,2026-01-29T02:16:40.000000Z,2026-01-29T02:23:27.099999Z,407.1,21.18932,-158.14453,21.188995,-158.14455,36.2,32.105,1,20712,98.0,3543.0,55953.0,99.0
22,2026-01-29T02:25:42.000000Z,2026-01-29T02:32:25.000000Z,403.0,21.188787,-158.14423,21.188505,-158.14438,35.0,32.032,1,20691,98.0,3545.0,55952.0,99.0
23,2026-01-29T02:33:15.000000Z,2026-01-29T02:39:51.900000Z,396.9,21.188463,-158.14427,21.18813,-158.1444,39.4,31.757,1,20701,98.0,3543.0,55951.0,99.0
24,2026-01-29T02:41:38.000000Z,2026-01-29T03:00:08.599999Z,1110.6,21.187979,-158.1442,21.1885,-158.14572,167.9,102.262,1,20692,98.0,3548.0,55949.0,99.0
25,2026-01-29T03:00:46.000000Z,2026-01-29T03:18:53.500000Z,1087.5,21.18849,-158.14563,21.189123,-158.14685,144.75,101.319,1,20682,98.0,3550.0,55947.0,99.0
26,2026-01-29T03:19:37.000000Z,2026-01-29T03:37:31.700000Z,1074.7,21.18909,-158.1468,21.189875,-158.14815,164.95,101.777,1,20673,98.0,3550.0,55945.0,99.0
27,2026-01-29T03:38:10.000000Z,2026-01-29T03:56:47.299999Z,1117.3,21.18982,-158.14807,21.190443,-158.14996,207.83,102.061,1,20663,98.0,3550.0,55943.0,99.0
28,2026-01-29T03:58:31.000000Z,2026-01-29T04:16:29.500000Z,1078.5,21.190228,-158.14975,21.190956,-158.15154,202.47,101.31,1,20653,98.0,3550.0,55940.0,99.0
29,2026-01-29T04:21:06.000000Z,2026-01-29T04:39:40.500000Z,1114.5,21.190687,-158.15074,21.191042,-158.15277,214.13,101.639,1,20643,98.0,3550.0,55938.0,99.0
30,2026-01-29T04:40:59.000000Z,2026-01-29T05:16:53.299999Z,2154.3,21.190931,-158.15256,21.19175,-158.1585,622.53,192.386,1,20624,98.0,3550.0,55934.0,99.0
31,2026-01-29T05:20:40.000000Z,2026-01-29T05:56:31.599999Z,2151.6,21.191605,-158.1582,21.191406,-158.16481,685.65,191.27,1,20604,98.0,3548.0,55929.0,99.0
32,2026-01-29T05:57:23.000000Z,2026-01-29T06:33:15.200000Z,2152.2,21.191374,-158.16467,21.191086,-158.17128,686.05,192.203,1,20588,98.0,3548.0,55925.0,99.0
33,2026-01-29T06:37:52.000000Z,2026-01-29T07:13:49.500000Z,2157.5,21.19107,-158.17058,21.190342,-158.17628,596.47,192.341,1,20570,98.0,3538.0,55921.0,99.0
34,2026-01-29T07:37:47.000000Z,2026-01-29T08:16:09.700000Z,2302.7,21.189766,-158.17238,21.190598,-158.17783,572.56,191.315,1,20533,97.0,3543.0,55914.0,99.0
35,2026-01-29T08:19:33.000000Z,2026-01-29T08:55:21.400000Z,2148.4,21.190546,-158.1774,21.192276,-158.18312,623.45,191.169,1,20515,97.0,3548.0,55910.0,99.0
36,2026-01-29T08:56:29.000000Z,2026-01-29T09:34:31.200000Z,2282.2,21.192682,-158.18239,21.193567,-158.18893,685.14,192.423,1,20497,97.0,3545.0,55905.0,99.0
37,2026-01-29T09:36:43.000000Z,2026-01-29T10:12:50.099999Z,2167.1,21.193565,-158.18854,21.194717,-158.19492,673.73,192.231,1,20399,97.0,3535.0,55901.0,99.0
38,2026-01-29T10:15:16.000000Z,2026-01-29T10:51:00.799999Z,2144.8,21.194687,-158.19463,21.195866,-158.20088,661.09,191.242,1,20460,97.0,3545.0,55897.0,99.0
39,2026-01-29T10:55:51.000000Z,2026-01-29T11:31:21.099999Z,2130.1,21.195507,-158.2002,21.196636,-158.20628,642.71,191.37,1,20443,97.0,3548.0,55893.0,99.0
40,2026-01-29T11:32:20.000000Z,2026-01-29T12:08:56.000000Z,2196.0,21.19655,-158.2061,21.197674,-158.21274,699.63,191.645,1,20428,97.0,3548.0,55888.0,99.0
41,2026-01-29T12:09:44.000000Z,2026-01-29T12:45:39.299999Z,2155.3,21.197538,-158.21269,21.19875,-158.2196,728.93,191.215,1,20411,97.0,3548.0,55884.0,99.0
42,2026-01-29T12:47:10.000000Z,2026-01-29T13:24:01.099999Z,2211.1,21.1986,-158.21954,21.200054,-158.22691,780.97,191.279,1,20395,97.0,3548.0,55880.0,99.0
43,2026-01-29T13:24:54.000000Z,2026-01-29T14:00:21.000000Z,2127.0,21.199924,-158.22688,21.201094,-158.23329,677.14,192.341,1,20297,97.0,3548.0,55876.0,99.0
44,2026-01-29T14:03:57.000000Z,2026-01-29T14:39:46.200000Z,2149.2,21.200737,-158.23322,21.202753,-158.23943,681.69,191.178,1,20357,97.0,3548.0,55871.0,99.0
45,2026-01-29T14:42:28.000000Z,2026-01-29T15:17:44.200000Z,2116.2,21.202456,-158.23924,21.202621,-158.24687,791.2,191.096,1,20339,97.0,3548.0,55867.0,99.0
46,2026-01-29T15:19:01.000000Z,2026-01-29T15:54:54.400000Z,2153.4,21.202505,-158.24693,21.202087,-158.2553,868.95,192.478,1,20322,96.0,3548.0,55863.0,99.0
47,2026-01-29T15:57:19.000000Z,2026-01-29T16:31:41.900000Z,2062.9,21.201952,-158.25513,21.200727,-158.26172,696.62,191.48,1,20302,96.0,3548.0,55859.0,99.0
48,2026-01-29T16:33:00.000000Z,2026-01-29T17:08:11.200000Z,2111.2,21.200645,-158.26164,21.199425,-158.26859,733.16,191.105,1,20286,96.0,3548.0,55855.0,99.0
49,2026-01-29T17:08:58.000000Z,2026-01-29T17:45:18.200000Z,2180.2,21.199408,-158.26859,21.197802,-158.27502,690.11,191.334,1,20269,96.0,3548.0,55851.0,99.0
50,2026-01-29T17:46:13.000000Z,2026-01-29T18:27:42.500000Z,2489.5,21.197762,-158.27489,21.195814,-158.28064,634.25,191.91,1,20250,96.0,3548.0,55846.0,99.0
51,2026-01-29T18:32:31.000000Z,2026-01-29T19:14:30.299999Z,2519.3,21.195683,-158.28001,21.194351,-158.28444,482.56,191.022,1,20232,96.0,3548.0,55841.0,99.0
52,2026-01-29T19:17:32.000000Z,2026-01-29T19:59:22.099999Z,2510.1,21.194195,-158.28404,21.19346,-158.28847,466.49,191.691,1,20210,96.0,3548.0,55836.0,99.0
53,2026-01-29T20:00:51.000000Z,2026-01-29T20:41:49.799999Z,2458.8,21.193335,-158.28821,21.192327,-158.29167,375.82,191.132,1,20144,96.0,3548.0,55831.0,99.0
54,2026-01-29T20:44:47.000000Z,2026-01-29T21:25:45.900000Z,2458.9,21.192184,-158.29112,21.191566,-158.29424,330.69,191.022,1,20171,96.0,3545.0,55826.0,99.0
55,2026-01-29T21:27:15.000000Z,2026-01-29T22:27:09.000000Z,3594.0,21.191473,-158.2941,21.190706,-158.2956,177.37,190.867,1,20151,96.0,3555.0,55820.0,99.0
56,2026-01-29T22:28:56.000000Z,2026-01-29T23:27:48.500000Z,3532.5,21.190638,-158.29543,21.188007,-158.29755,365.92,190.848,1,20130,96.0,3555.0,55813.0,99.0
57,2026-01-29T23:28:39.000000Z,2026-01-30T00:28:24.299999Z,3585.3,21.18786,-158.29758,21.184978,-158.3007,455.34,191.453,1,20108,95.0,3555.0,55806.0,99.0
58,2026-01-30T00:30:45.000000Z,2026-01-30T01:30:38.500000Z,3593.5,21.184782,-158.30052,21.182083,-158.30478,534.0,191.086,1,20087,95.0,3555.0,55799.0,99.0
59,2026-01-30T01:39:14.000000Z,2026-01-30T02:47:35.599999Z,4101.6,21.180883,-158.30421,21.177534,-158.32025,1704.28,201.221,2,20050,95.0,3550.0,55790.0,99.0
60,2026-01-30T02:48:29.000000Z,2026-01-30T04:05:49.599999Z,4640.6,21.17747,-158.32024,21.186504,-158.32318,1049.77,201.404,2,20015,95.0,3550.0,55781.0,99.0
61,2026-01-30T04:07:31.000000Z,2026-01-30T05:22:33.000000Z,4502.0,21.186394,-158.3232,21.196457,-158.32137,1134.93,201.212,2,19980,95.0,3550.0,55773.0,99.0
62,2026-01-30T05:23:25.000000Z,2026-01-30T06:36:58.500000Z,4413.5,21.196417,-158.32135,21.208927,-158.31854,1421.22,202.585,2,19944,95.0,3548.0,55765.0,99.0
63,2026-01-30T06:42:38.000000Z,2026-01-30T09:07:27.700000Z,8689.7,21.208855,-158.31818,21.236559,-158.31201,3146.23,200.526,4,19883,94.0,3550.0,55749.0,99.0
64,2026-01-30T09:08:45.900000Z,2026-01-30T11:34:42.599999Z,8756.7,21.236547,-158.31192,21.256617,-158.31667,2285.33,200.498,4,19823,94.0,3548.0,55734.0,99.0
65,2026-01-30T11:36:14.000000Z,2026-01-30T14:01:11.799999Z,8697.8,21.25649,-158.3166,21.271055,-158.32643,1913.26,200.434,4,19727,94.0,3550.0,55719.0,99.0
66,2026-01-30T14:02:58.000000Z,2026-01-30T16:52:13.700000Z,10155.7,21.270876,-158.32639,21.28118,-158.31181,1896.06,200.489,3,19679,93.0,3553.0,55692.0,99.0
67,2026-01-30T16:53:04.000000Z,2026-01-30T18:21:34.000000Z,5310.0,21.281116,-158.3118,21.284077,-158.32903,1815.34,190.4,2,19639,93.0,3553.0,55683.0,99.0
68,2026-01-30T18:23:17.000000Z,2026-01-30T19:47:07.799999Z,5030.8,21.284098,-158.32909,21.30096,-158.3246,1931.81,190.491,2,19588,93.0,3550.0,55674.0,99.0
69,2026-01-30T19:53:35.000000Z,2026-01-30T21:21:52.099999Z,5297.1,21.30102,-158.32387,21.321648,-158.31305,2552.94,176.2,3,19512,93.0,3550.0,55662.0,99.0
70,2026-01-30T21:25:12.000000Z,2026-01-30T22:51:17.900000Z,5165.9,21.321594,-158.31268,21.3353,-158.31242,1524.28,176.603,3,19520,93.0,3553.0,55653.0,99.0
71,2026-01-30T22:52:34.000000Z,2026-01-31T00:19:04.200000Z,5190.2,21.335207,-158.31232,21.346357,-158.31879,1409.33,177.784,3,19481,92.0,3553.0,55643.0,99.0
72,2026-01-31T00:28:00.000000Z,2026-01-31T01:54:39.400000Z,5199.4,21.345978,-158.31865,21.359867,-158.32582,1713.62,176.264,3,19438,92.0,3555.0,55633.0,99.0
73,2026-01-31T01:55:55.000000Z,2026-01-31T03:22:24.599999Z,5189.6,21.359827,-158.32596,21.370842,-158.32327,1256.09,176.484,3,19399,92.0,3558.0,55623.0,99.0
74,2026-01-31T03:23:39.000000Z,2026-01-31T04:50:00.000000Z,5181.0,21.370842,-158.32344,21.376705,-158.31812,853.51,176.218,3,19348,92.0,3558.0,55614.0,99.0
75,2026-01-31T04:50:45.799999Z,2026-01-31T06:18:54.099999Z,5288.3,21.376867,-158.31819,21.377636,-158.31085,764.81,176.255,3,19324,92.0,3555.0,55604.0,99.0
76,2026-01-31T06:36:38.000000Z,2026-01-31T07:51:12.299999Z,4474.3,21.380583,-158.31058,21.403124,-158.31668,2584.79,201.661,2,19278,91.0,3555.0,55594.0,99.0
77,2026-01-31T09:06:40.000000Z,2026-01-31T10:20:51.599999Z,4451.6,21.42051,-158.31174,21.435148,-158.30525,1760.85,201.176,2,19211,91.0,3553.0,55577.0,99.0
78,2026-01-31T10:22:11.000000Z,2026-01-31T11:36:09.900000Z,4438.9,21.435022,-158.30522,21.446783,-158.30821,1343.88,201.276,2,19180,91.0,3550.0,55569.0,99.0
79,2026-01-31T11:37:07.000000Z,2026-01-31T13:04:39.599999Z,5252.6,21.446804,-158.30823,21.458815,-158.30814,1335.59,192.176,2,19142,91.0,3555.0,55560.0,99.0
80,2026-01-31T13:05:35.000000Z,2026-01-31T14:18:02.099999Z,4347.1,21.458786,-158.30812,21.473686,-158.31296,1730.85,202.329,2,19046,91.0,3555.0,55552.0,99.0
81,2026-01-31T14:21:10.000000Z,2026-01-31T15:37:40.799999Z,4590.8,21.473751,-158.31326,21.49193,-158.31549,2034.54,201.578,2,19073,90.0,3553.0,55543.0,99.0
82,2026-01-31T15:39:04.000000Z,2026-01-31T18:03:35.000000Z,8671.0,21.49213,-158.31563,21.529778,-158.30962,4232.18,200.461,4,19001,90.0,3553.0,55528.0,99.0
83,2026-01-31T18:06:13.000000Z,2026-01-31T20:30:30.900000Z,8657.9,21.530107,-158.30981,21.518686,-158.33876,3252.75,200.489,4,18936,90.0,3553.0,55512.0,99.0
84,2026-01-31T20:33:07.000000Z,2026-01-31T21:58:56.099999Z,5149.1,21.518713,-158.33876,21.507978,-158.34976,1649.17,190.418,2,18870,90.0,3558.0,55504.0,99.0
85,2026-01-31T22:00:09.000000Z,2026-01-31T23:29:21.299999Z,5352.3,21.5079,-158.34972,21.504845,-158.3611,1225.33,190.381,2,18866,90.0,3560.0,55494.0,99.0
86,2026-01-31T23:30:53.000000Z,2026-02-01T02:01:28.599999Z,9035.6,21.504837,-158.36105,21.509596,-158.38605,2639.9,200.333,4,18798,89.0,3558.0,55479.0,99.0
87,2026-02-01T02:04:04.000000Z,2026-02-01T04:31:06.500000Z,8822.5,21.50958,-158.38611,21.521156,-158.42276,4003.87,200.342,4,18732,89.0,3555.0,55463.0,99.0
88,2026-02-01T04:34:54.000000Z,2026-02-01T07:06:48.299999Z,9114.3,21.52146,-158.42255,21.50988,-158.42668,1356.66,200.342,4,18669,89.0,3558.0,55447.0,99.0
89,2026-02-01T07:08:16.000000Z,2026-02-01T09:35:56.900000Z,8860.9,21.50989,-158.42664,21.493303,-158.41331,2302.96,200.571,4,18601,88.0,3558.0,55431.0,99.0
90,2026-02-01T09:37:10.799999Z,2026-02-01T12:05:17.700000Z,8886.9,21.49303,-158.4134,21.47852,-158.38463,3385.9,200.416,4,18532,88.0,3558.0,55416.0,98.0
91,2026-02-01T12:07:40.000000Z,2026-02-01T14:35:26.200000Z,8866.2,21.478241,-158.38463,21.492752,-158.37762,1769.07,200.471,4,18467,88.0,3560.0,55400.0,98.0
92,2026-02-01T14:37:07.000000Z,2026-02-01T17:08:06.200000Z,9059.2,21.492702,-158.37775,21.520126,-158.4144,4865.68,200.315,4,18352,87.0,3560.0,55384.0,98.0
93,2026-02-01T17:09:35.000000Z,2026-02-01T19:36:16.900000Z,8801.9,21.52009,-158.41449,21.506006,-158.4228,1786.5,200.434,4,18336,87.0,3553.0,55369.0,98.0
94,2026-02-01T20:12:35.000000Z,2026-02-02T00:09:02.400000Z,14187.4,21.509998,-158.42831,21.476665,-158.41985,3808.41,200.461,4,18228,86.0,3570.0,55342.0,98.0
95,2026-02-02T00:13:51.000000Z,2026-02-02T04:07:21.599999Z,14010.6,21.47619,-158.41983,21.469946,-158.40958,1267.68,200.434,4,18147,86.0,3563.0,55318.0,98.0
96,2026-02-02T04:12:12.000000Z,2026-02-02T05:47:22.700000Z,5710.7,21.470343,-158.40996,21.487,-158.41167,1860.61,191.041,1,18100,86.0,3565.0,55280.0,98.0
97,2026-02-02T05:48:10.000000Z,2026-02-02T08:00:01.400000Z,7911.4,21.487095,-158.41185,21.499653,-158.41815,1541.02,190.4,2,17976,86.0,3570.0,55266.0,98.0
98,2026-02-02T08:05:49.000000Z,2026-02-02T09:08:45.400000Z,3776.4,21.500921,-158.41849,21.502464,-158.41801,178.62,190.354,1,17983,85.0,3570.0,55259.0,98.0
99,2026-02-02T09:09:32.000000Z,2026-02-02T10:09:46.400000Z,3614.4,21.502487,-158.41803,21.49823,-158.417,485.2,190.327,1,18006,85.0,3568.0,55253.0,98.0
100,2026-02-02T10:10:46.000000Z,2026-02-02T11:13:30.799999Z,3764.8,21.498213,-158.417,21.490126,-158.41411,947.64,190.418,1,17981,85.0,3570.0,55246.0,98.0
101,2026-02-02T11:17:11.000000Z,2026-02-02T12:20:01.700000Z,3770.7,21.48972,-158.4138,21.481768,-158.40793,1072.72,190.308,1,17955,85.0,3570.0,55239.0,98.0
102,2026-02-02T12:21:34.000000Z,2026-02-02T13:21:18.000000Z,3584.0,21.481627,-158.40784,21.476118,-158.40201,859.74,190.372,1,17916,85.0,3570.0,55233.0,98.0
103,2026-02-02T13:26:12.000000Z,2026-02-02T14:28:21.400000Z,3729.4,21.475607,-158.40161,21.472025,-158.39568,731.55,190.381,1,17875,85.0,3563.0,55226.0,98.0
104,2026-02-02T14:30:41.000000Z,2026-02-02T18:00:02.200000Z,12561.2,21.472034,-158.39552,21.470304,-158.38841,760.46,200.48,4,17826,84.0,3573.0,55204.0,98.0
105,2026-02-02T18:01:50.000000Z,2026-02-02T21:28:37.000000Z,12407.0,21.470406,-158.3885,21.48344,-158.38228,1585.79,200.388,4,17706,84.0,3570.0,55182.0,98.0
106,2026-02-02T21:34:38.000000Z,2026-02-03T00:48:20.700000Z,11622.7,21.483854,-158.38206,21.447254,-158.36108,4612.62,200.416,4,17677,84.0,3570.0,55162.0,98.0
107,2026-02-03T00:51:54.000000Z,2026-02-03T02:28:47.799999Z,5813.8,21.446928,-158.36093,21.424507,-158.35492,2569.53,200.416,2,17639,84.0,3570.0,55152.0,98.0
108,2026-02-03T02:30:22.000000Z,2026-02-03T04:18:27.799999Z,6485.8,21.42451,-158.35489,21.42334,-158.34715,811.67,190.381,2,17580,83.0,3575.0,55141.0,98.0
109,2026-02-03T04:19:37.000000Z,2026-02-03T05:53:19.799999Z,5622.8,21.423399,-158.34717,21.424849,-158.34558,230.4,200.434,2,17543,83.0,3573.0,55131.0,98.0
110,2026-02-03T05:59:38.000000Z,2026-02-03T07:34:37.299999Z,5699.3,21.42582,-158.34584,21.431322,-158.34535,613.89,200.26,2,17488,83.0,3573.0,55120.0,98.0
111,2026-02-03T07:36:50.000000Z,2026-02-03T09:11:58.500000Z,5708.5,21.431519,-158.34543,21.432693,-158.3447,150.83,200.416,2,17465,83.0,3573.0,55110.0,98.0
112,2026-02-03T09:15:02.000000Z,2026-02-03T12:25:54.900000Z,11452.9,21.432812,-158.34477,21.411873,-158.33142,2707.52,200.352,4,17390,82.0,3570.0,55090.0,98.0
113,2026-02-03T12:29:33.000000Z,2026-02-03T15:35:35.299999Z,11162.3,21.411213,-158.33125,21.374792,-158.31384,4432.86,200.37,4,17272,82.0,3570.0,55070.0,98.0
114,2026-02-03T15:38:36.000000Z,2026-02-03T18:43:18.200000Z,11082.2,21.374454,-158.31386,21.37073,-158.29527,1968.99,200.37,4,17236,82.0,3575.0,55051.0,98.0
115,2026-02-03T18:44:35.900000Z,2026-02-03T20:34:21.000000Z,6585.1,21.370426,-158.29504,21.372482,-158.29468,231.64,190.455,2,17227,82.0,3575.0,55040.0,98.0
116,2026-02-03T20:35:22.799999Z,2026-02-03T21:20:45.700000Z,2722.9,21.372528,-158.29474,21.374939,-158.29669,335.62,190.345,0,17205,81.0,3570.0,54995.0,98.0
117,2026-02-03T21:21:21.000000Z,2026-02-03T23:13:44.900000Z,6743.9,21.37503,-158.2968,21.374321,-158.29349,351.69,190.29,2,17149,81.0,3570.0,54984.0,98.0
118,2026-02-03T23:15:20.000000Z,2026-02-04T01:01:07.200000Z,6347.2,21.374397,-158.29349,21.366627,-158.29056,915.71,190.381,2,17127,81.0,3570.0,54973.0,98.0
119,2026-02-04T01:04:31.000000Z,2026-02-04T02:42:44.200000Z,5893.2,21.366425,-158.29056,21.354458,-158.28427,1481.54,190.427,2,17092,81.0,3573.0,54963.0,98.0
120,2026-02-04T02:43:54.799999Z,2026-02-04T04:11:16.000000Z,5241.2,21.354414,-158.28435,21.34669,-158.2782,1069.26,200.489,2,17039,81.0,3573.0,54953.0,98.0
121,2026-02-04T04:12:52.000000Z,2026-02-04T05:36:17.700000Z,5005.7,21.346716,-158.27827,21.34326,-158.27318,652.36,200.324,2,17019,81.0,3573.0,54944.0,98.0
122,2026-02-04T05:39:16.000000Z,2026-02-04T07:02:38.900000Z,5002.9,21.343445,-158.2733,21.342813,-158.2689,461.09,200.333,2,16953,80.0,3573.0,54935.0,98.0
123,2026-02-04T07:06:25.099999Z,2026-02-04T08:31:15.299999Z,5090.2,21.343054,-158.2691,21.342707,-158.2691,38.58,200.352,2,16914,80.0,3573.0,54926.0,98.0
124,2026-02-04T08:33:12.099999Z,2026-02-04T09:57:10.700000Z,5038.6,21.34276,-158.2691,21.342209,-158.26907,61.35,200.315,2,16897,80.0,3573.0,54917.0,98.0
125,2026-02-04T09:58:10.000000Z,2026-02-04T11:20:13.500000Z,4923.5,21.34225,-158.26913,21.33986,-158.26682,357.58,200.352,2,16863,80.0,3573.0,54908.0,98.0
126,2026-02-04T11:21:34.000000Z,2026-02-04T12:43:56.700000Z,4942.7,21.339928,-158.2668,21.332567,-158.26196,959.82,200.379,2,16844,80.0,3573.0,54900.0,98.0
127,2026-02-04T12:45:05.900000Z,2026-02-04T14:08:31.500000Z,5005.6,21.332579,-158.26198,21.320473,-158.25818,1402.49,200.434,2,16810,80.0,3570.0,54891.0,98.0
128,2026-02-04T14:09:27.799999Z,2026-02-04T15:49:27.900000Z,6000.1,21.320522,-158.25826,21.31101,-158.2525,1214.38,190.345,2,16774,79.0,3575.0,54880.0,98.0
129,2026-02-04T15:51:28.900000Z,2026-02-04T17:15:11.900000Z,5023.0,21.311043,-158.25269,21.307087,-158.2474,702.72,200.397,2,16707,79.0,3573.0,54871.0,98.0
130,2026-02-04T17:18:14.000000Z,2026-02-04T18:35:30.299999Z,4636.3,21.307613,-158.2476,21.30427,-158.24403,524.36,200.406,2,16700,79.0,3573.0,54863.0,98.0
131,2026-02-04T18:36:20.000000Z,2026-02-04T19:29:46.700000Z,3206.7,21.30439,-158.24408,21.306187,-158.24509,225.55,200.406,0,16673,79.0,3573.0,54814.0,97.0
132,2026-02-04T19:30:37.000000Z,2026-02-04T20:48:40.000000Z,4683.0,21.306286,-158.24506,21.305843,-158.24506,49.26,200.287,2,16621,79.0,3573.0,54806.0,97.0
133,2026-02-04T20:49:44.799999Z,2026-02-04T22:08:42.400000Z,4737.6,21.305904,-158.24512,21.307562,-158.24585,199.27,200.489,2,16601,79.0,3570.0,54797.0,97.0
134,2026-02-04T22:13:31.000000Z,2026-02-04T23:31:40.700000Z,4689.7,21.30816,-158.24643,21.30969,-158.2456,190.62,200.352,2,16503,78.0,3568.0,54788.0,97.0
135,2026-02-04T23:34:40.000000Z,2026-02-05T00:50:57.299999Z,4577.3,21.31003,-158.24576,21.30871,-158.24231,386.36,200.443,2,16531,78.0,3570.0,54780.0,97.0
136,2026-02-05T00:52:44.000000Z,2026-02-05T02:08:25.700000Z,4541.7,21.308907,-158.2424,21.301552,-158.2387,903.21,200.544,2,16490,78.0,3565.0,54772.0,97.0
137,2026-02-05T02:09:52.000000Z,2026-02-05T03:20:59.900000Z,4267.9,21.301678,-158.2388,21.293442,-158.23485,1003.07,200.416,2,16453,78.0,3568.0,54764.0,97.0
138,2026-02-05T03:21:49.000000Z,2026-02-05T04:37:01.299999Z,4512.3,21.293524,-158.23488,21.286764,-158.22884,978.07,200.26,2,16404,78.0,3565.0,54756.0,97.0
139,2026-02-05T04:38:00.000000Z,2026-02-05T05:48:10.700000Z,4210.7,21.286978,-158.22908,21.279778,-158.223,1018.73,200.406,2,16369,77.0,3565.0,54749.0,97.0
140,2026-02-05T05:53:33.000000Z,2026-02-05T07:24:19.700000Z,5446.7,21.280222,-158.2231,21.276535,-158.21892,596.38,190.455,2,16312,77.0,3568.0,54739.0,97.0
141,2026-02-05T07:27:44.000000Z,2026-02-05T08:55:01.599999Z,5237.6,21.276567,-158.21901,21.273815,-158.21265,726.59,190.455,2,16289,77.0,3570.0,54730.0,97.0
142,2026-02-05T08:55:53.000000Z,2026-02-05T10:10:14.400000Z,4461.4,21.27389,-158.21263,21.268059,-158.20744,842.38,200.324,2,16238,77.0,3568.0,54722.0,97.0
143,2026-02-05T10:12:21.000000Z,2026-02-05T11:24:00.099999Z,4299.1,21.26802,-158.2078,21.262484,-158.20105,931.76,200.361,2,16220,77.0,3563.0,54714.0,97.0
144,2026-02-05T11:25:26.000000Z,2026-02-05T12:38:02.599999Z,4356.6,21.262579,-158.20103,21.256016,-158.19382,1044.42,200.48,2,16185,77.0,3565.0,54706.0,97.0
145,2026-02-05T12:39:08.799999Z,2026-02-05T13:50:15.900000Z,4267.1,21.256115,-158.19388,21.249382,-158.18845,936.58,200.37,2,16131,76.0,3563.0,54699.0,97.0
146,2026-02-05T13:52:02.000000Z,2026-02-05T15:02:16.599999Z,4214.6,21.249657,-158.18858,21.24144,-158.18507,983.44,200.489,2,16079,76.0,3563.0,54691.0,97.0
147,2026-02-05T15:05:12.000000Z,2026-02-05T16:17:39.799999Z,4347.8,21.241762,-158.1854,21.233652,-158.1797,1078.07,200.37,2,16063,76.0,3565.0,54683.0,97.0
148,2026-02-05T16:18:31.000000Z,2026-02-05T18:41:57.799999Z,8606.8,21.233778,-158.17987,21.236406,-158.16373,1698.16,,4,16012,76.0,3565.0,54615.0,97.0
149,2026-02-05T16:18:31.000000Z,2026-02-05T18:54:52.599999Z,9381.6,21.233778,-158.17987,21.2375,-158.1645,1645.9,202.421,4,15975,76.0,3565.0,54516.0,97.0
150,2026-02-05T19:06:50.000000Z,2026-02-05T21:28:07.599999Z,8477.6,21.238453,-158.16528,21.266722,-158.20532,5205.65,201.276,4,15901,75.0,3555.0,54438.0,97.0
151,2026-02-05T21:30:30.000000Z,2026-02-05T23:10:33.299999Z,6003.3,21.266834,-158.20547,21.286163,-158.22713,3107.48,191.279,2,15863,75.0,3565.0,54427.0,97.0
152,2026-02-05T23:12:29.000000Z,2026-02-06T02:00:26.200000Z,10077.2,21.286436,-158.22737,21.32579,-158.25516,5238.05,201.093,4,15827,75.0,3568.0,54409.0,97.0
153,2026-02-06T02:02:15.000000Z,2026-02-06T03:42:52.900000Z,6037.9,21.325806,-158.25525,21.317488,-158.24986,1080.37,191.691,2,15791,75.0,3565.0,54398.0,97.0
154,2026-02-06T03:48:55.000000Z,2026-02-06T06:31:27.299999Z,9752.3,21.317793,-158.24983,21.344482,-158.27928,4255.79,200.956,4,15703,74.0,3568.0,54380.0,97.0
155,2026-02-06T06:33:22.000000Z,2026-02-06T08:15:38.599999Z,6136.6,21.34457,-158.27933,21.366455,-158.2918,2754.93,191.416,2,15663,74.0,3568.0,54370.0,97.0
156,2026-02-06T08:16:46.000000Z,2026-02-06T11:02:46.700000Z,9960.7,21.366568,-158.29184,21.397652,-158.33058,5294.93,200.965,4,15590,74.0,3565.0,54352.0,97.0
157,2026-02-06T11:04:09.000000Z,2026-02-06T13:49:50.200000Z,9941.2,21.397697,-158.33064,21.422817,-158.35353,3662.93,201.276,4,15522,74.0,3565.0,54333.0,97.0
158,2026-02-06T13:51:17.000000Z,2026-02-06T15:31:50.400000Z,6033.4,21.422726,-158.35345,21.42796,-158.35182,605.96,191.736,2,15496,73.0,3563.0,54323.0,97.0
159,2026-02-06T15:34:03.000000Z,2026-02-06T18:21:03.500000Z,10020.5,21.427761,-158.35172,21.446081,-158.35852,2155.25,201.194,4,15364,73.0,3563.0,54305.0,97.0
160,2026-02-06T18:22:46.000000Z,2026-02-06T19:07:18.599999Z,2672.6,21.446081,-158.35854,21.452873,-158.36435,965.37,201.276,1,15393,73.0,3560.0,54300.0,96.0
161,2026-02-06T19:11:41.000000Z,2026-02-06T20:05:08.200000Z,3207.2,21.45285,-158.36447,21.460175,-158.37126,1075.73,176.493,1,15367,73.0,3560.0,54292.0,96.0
162,2026-02-06T20:05:59.000000Z,2026-02-06T21:02:40.099999Z,3401.1,21.460192,-158.37134,21.467241,-158.37946,1149.11,176.227,1,15356,73.0,3560.0,54286.0,96.0
163,2026-02-06T21:10:57.000000Z,2026-02-06T23:37:16.200000Z,8779.2,21.470392,-158.38103,21.490654,-158.39937,2945.73,151.453,3,15288,73.0,3560.0,54271.0,96.0
164,2026-02-06T23:38:33.000000Z,2026-02-07T02:10:58.200000Z,9145.2,21.49096,-158.39941,21.483349,-158.42519,2798.41,151.06,3,15248,72.0,3560.0,54256.0,96.0
165,2026-02-07T02:13:30.000000Z,2026-02-07T04:45:36.799999Z,9126.8,21.483429,-158.42519,21.49257,-158.41316,1606.99,152.204,3,15172,72.0,3563.0,54241.0,96.0
166,2026-02-07T04:46:49.900000Z,2026-02-07T07:12:22.400000Z,8732.5,21.492594,-158.41296,21.48434,-158.39056,2492.75,152.524,3,15133,72.0,3560.0,54226.0,96.0
167,2026-02-07T07:15:04.000000Z,2026-02-07T09:37:35.900000Z,8551.9,21.484426,-158.39021,21.480755,-158.39882,979.94,151.014,3,15080,71.0,3563.0,54212.0,96.0
168,2026-02-07T09:38:39.000000Z,2026-02-07T11:59:11.700000Z,8432.7,21.480804,-158.39882,21.474796,-158.40198,743.79,151.169,3,15027,71.0,3560.0,54198.0,96.0
169,2026-02-07T12:04:56.000000Z,2026-02-07T14:31:31.099999Z,8795.1,21.474016,-158.40266,21.456326,-158.4024,1967.22,151.774,3,14955,71.0,3560.0,54183.0,96.0
170,2026-02-07T14:32:45.900000Z,2026-02-07T16:52:03.900000Z,8358.0,21.456205,-158.40251,21.4479,-158.39468,1228.6,151.71,3,14869,71.0,3560.0,54169.0,96.0
171,2026-02-07T16:54:27.000000Z,2026-02-07T18:07:11.200000Z,4364.2,21.447693,-158.39473,21.450188,-158.39111,466.19,152.36,1,14857,71.0,3560.0,54162.0,96.0
172,2026-02-07T18:08:19.900000Z,2026-02-07T19:11:03.900000Z,3764.0,21.450087,-158.39114,21.450417,-158.38676,454.78,151.819,1,14866,70.0,3558.0,54156.0,96.0
173,2026-02-07T19:11:58.000000Z,2026-02-07T20:15:01.700000Z,3783.7,21.45031,-158.38676,21.451706,-158.3843,298.18,151.792,1,14843,70.0,3555.0,54149.0,96.0
174,2026-02-07T20:19:00.000000Z,2026-02-07T21:30:34.799999Z,4294.8,21.45177,-158.38463,21.456305,-158.38629,532.73,151.572,1,14802,70.0,3558.0,54142.0,96.0
175,2026-02-07T21:32:53.000000Z,2026-02-07T22:51:48.700000Z,4735.7,21.456448,-158.38661,21.462713,-158.39336,986.53,151.92,0,14753,70.0,3558.0,54072.0,96.0
176,2026-02-07T22:52:29.000000Z,2026-02-07T23:39:10.500000Z,2801.5,21.462791,-158.39352,21.464542,-158.39415,205.33,151.911,1,14768,70.0,3555.0,54067.0,96.0
177,2026-02-07T23:39:56.000000Z,2026-02-08T00:28:30.000000Z,2914.0,21.464705,-158.39432,21.464697,-158.39532,103.49,151.636,1,14731,70.0,3555.0,54062.0,96.0
178,2026-02-08T00:30:39.000000Z,2026-02-08T01:23:15.099999Z,3156.1,21.464832,-158.39574,21.46173,-158.3959,345.32,151.755,1,14677,70.0,3555.0,54057.0,96.0
179,2026-02-08T01:29:08.000000Z,2026-02-08T02:17:13.000000Z,2885.0,21.462152,-158.39706,21.45881,-158.3969,371.98,151.115,1,14640,70.0,3558.0,54051.0,96.0
180,2026-02-08T02:18:00.000000Z,2026-02-08T03:07:28.299999Z,2968.3,21.45882,-158.39697,21.459118,-158.39545,160.75,151.472,1,14682,70.0,3555.0,54046.0,96.0
181,2026-02-08T03:11:08.000000Z,2026-02-08T04:02:51.400000Z,3103.4,21.459122,-158.39589,21.45777,-158.39334,303.71,151.398,1,14658,69.0,3555.0,54041.0,96.0
182,2026-02-08T04:04:07.000000Z,2026-02-08T04:55:25.900000Z,3078.9,21.457766,-158.39343,21.45582,-158.38867,538.04,152.25,1,14622,69.0,3555.0,54035.0,96.0
183,2026-02-08T04:56:19.000000Z,2026-02-08T05:45:15.200000Z,2936.2,21.455822,-158.38867,21.45422,-158.3836,554.11,151.243,1,14616,69.0,3553.0,54030.0,96.0
184,2026-02-08T05:46:12.000000Z,2026-02-08T06:31:16.500000Z,2704.5,21.454327,-158.38367,21.453056,-158.37968,436.44,152.149,1,14598,69.0,3555.0,54026.0,96.0
185,2026-02-08T06:32:22.900000Z,2026-02-08T07:24:02.000000Z,3099.1,21.453197,-158.37971,21.451805,-158.3775,276.17,151.545,1,14547,69.0,3555.0,54020.0,96.0
186,2026-02-08T07:28:21.000000Z,2026-02-08T09:06:18.400000Z,5877.4,21.452387,-158.37778,21.457174,-158.37651,548.28,152.122,2,14523,69.0,3550.0,54010.0,96.0
187,2026-02-08T09:07:47.000000Z,2026-02-08T10:47:07.000000Z,5960.0,21.457302,-158.37654,21.461266,-158.38193,710.93,151.902,2,14498,69.0,3550.0,54000.0,96.0
188,2026-02-08T10:48:18.000000Z,2026-02-08T12:28:13.799999Z,5995.8,21.4614,-158.38223,21.463648,-158.38708,560.7,151.169,2,14459,69.0,3553.0,53990.0,96.0
189,2026-02-08T12:29:17.799999Z,2026-02-08T14:09:37.500000Z,6019.7,21.463718,-158.38724,21.463976,-158.39528,832.5,151.353,2,14423,68.0,3553.0,53980.0,96.0
190,2026-02-08T14:11:34.000000Z,2026-02-08T15:51:06.900000Z,5972.9,21.464151,-158.39545,21.464922,-158.39862,339.06,152.534,2,14380,68.0,3553.0,53970.0,96.0
191,2026-02-08T15:52:53.000000Z,2026-02-08T16:46:11.000000Z,3198.0,21.465002,-158.3988,21.464027,-158.39763,162.52,151.115,1,14325,68.0,3550.0,53964.0,96.0
192,2026-02-08T16:47:05.799999Z,2026-02-08T17:38:44.599999Z,3098.8,21.464027,-158.39763,21.46299,-158.39491,304.18,152.021,1,14322,68.0,3548.0,53959.0,96.0
193,2026-02-08T17:43:09.000000Z,2026-02-08T18:34:09.599999Z,3060.6,21.46331,-158.39539,21.462536,-158.39194,367.25,151.865,1,14297,68.0,3545.0,53953.0,96.0
194,2026-02-08T18:36:31.000000Z,2026-02-08T19:03:47.200000Z,1636.2,21.462528,-158.39214,21.460327,-158.39032,308.82,151.655,1,14297,68.0,3548.0,53950.0,96.0
195,2026-02-08T19:05:11.000000Z,2026-02-08T19:06:45.099999Z,94.1,21.460432,-158.39043,21.460535,-158.39053,15.44,1.902,1,14200,68.0,3548.0,53950.0,96.0
196,2026-02-08T19:07:24.000000Z,2026-02-08T19:34:41.200000Z,1637.2,21.460505,-158.39062,21.4604,-158.38753,319.98,151.371,1,14263,68.0,3545.0,53946.0,96.0
197,2026-02-08T19:39:10.000000Z,2026-02-08T20:05:53.200000Z,1603.2,21.46055,-158.38806,21.458643,-158.38686,245.74,152.067,1,14247,68.0,3548.0,53943.0,96.0
198,2026-02-08T20:07:55.000000Z,2026-02-08T20:33:44.799999Z,1549.8,21.459223,-158.38704,21.458862,-158.38556,158.33,152.35,1,14247,68.0,3548.0,53940.0,96.0
199,2026-02-08T20:34:32.000000Z,2026-02-08T21:50:56.500000Z,4584.5,21.458952,-158.38573,21.457966,-158.38412,199.45,151.829,3,14210,67.0,3545.0,53931.0,96.0
200,2026-02-08T21:58:33.000000Z,2026-02-08T23:15:48.500000Z,4635.5,21.458477,-158.38565,21.460997,-158.3865,293.69,151.792,3,14141,67.0,3548.0,53922.0,96.0
201,2026-02-08T23:21:57.000000Z,2026-02-09T00:37:44.900000Z,4547.9,21.4616,-158.38759,21.46465,-158.38762,339.16,151.206,3,14134,67.0,3550.0,53913.0,96.0
202,2026-02-09T00:38:30.000000Z,2026-02-09T01:51:27.400000Z,4377.4,21.46478,-158.38779,21.465185,-158.38855,90.63,151.288,3,14099,67.0,3548.0,53905.0,96.0
203,2026-02-09T01:52:27.000000Z,2026-02-09T03:09:24.299999Z,4617.3,21.46532,-158.38878,21.463943,-158.39107,282.14,151.957,3,14000,67.0,3550.0,53897.0,96.0
204,2026-02-09T03:10:49.000000Z,2026-02-09T04:25:46.900000Z,4497.9,21.464048,-158.39116,21.462328,-158.38795,383.31,151.06,3,14029,67.0,3550.0,53888.0,96.0
205,2026-02-09T04:26:36.000000Z,2026-02-09T05:44:14.900000Z,4658.9,21.4624,-158.38802,21.458618,-158.38127,815.35,151.975,3,13995,66.0,3540.0,53879.0,96.0
206,2026-02-09T05:51:50.000000Z,2026-02-09T06:59:51.500000Z,4081.5,21.459652,-158.3812,21.4625,-158.36404,1803.83,202.32,2,13926,66.0,3548.0,53870.0,96.0
207,2026-02-09T07:05:33.099999Z,2026-02-09T08:12:27.599999Z,4014.5,21.459812,-158.36682,21.454649,-158.35838,1045.22,202.128,2,13874,66.0,3548.0,53862.0,96.0
208,2026-02-09T08:13:39.000000Z,2026-02-09T09:22:15.400000Z,4116.4,21.454538,-158.35844,21.450579,-158.35077,907.68,201.331,2,13890,66.0,3548.0,53854.0,96.0
209,2026-02-09T09:25:47.000000Z,2026-02-09T10:34:33.400000Z,4126.4,21.45094,-158.35075,21.44764,-158.34558,648.8,201.121,2,13842,66.0,3548.0,53846.0,96.0
210,2026-02-09T10:35:20.099999Z,2026-02-09T11:42:40.900000Z,4040.8,21.447767,-158.34572,21.445538,-158.34337,347.25,202.018,2,13826,65.0,3545.0,53839.0,96.0
211,2026-02-09T11:45:04.000000Z,2026-02-09T12:53:34.500000Z,4110.5,21.445875,-158.34369,21.445396,-158.3439,57.53,202.027,2,13789,65.0,3545.0,53831.0,96.0
212,2026-02-09T12:56:34.000000Z,2026-02-09T14:05:22.099999Z,4128.1,21.445795,-158.34445,21.443514,-158.34364,267.13,201.221,2,13757,65.0,3545.0,53823.0,96.0
213,2026-02-09T14:06:20.000000Z,2026-02-09T15:14:48.400000Z,4108.4,21.44363,-158.34384,21.43977,-158.34178,479.25,202.402,2,13726,65.0,3548.0,53816.0,96.0
214,2026-02-09T15:20:22.000000Z,2026-02-09T16:28:35.700000Z,4093.7,21.440523,-158.34264,21.437544,-158.33527,831.62,201.853,2,13674,65.0,3545.0,53808.0,96.0
215,2026-02-09T16:30:06.000000Z,2026-02-09T17:38:04.299999Z,4078.3,21.437666,-158.33543,21.434214,-158.32513,1133.08,201.267,2,13655,65.0,3543.0,53800.0,96.0
216,2026-02-09T17:38:56.000000Z,2026-02-09T18:46:21.000000Z,4045.0,21.434347,-158.32516,21.429644,-158.31477,1195.83,202.027,2,13592,64.0,3543.0,53792.0,96.0
217,2026-02-09T18:47:58.000000Z,2026-02-09T21:01:32.900000Z,8014.9,21.429794,-158.31474,21.425259,-158.29526,2078.46,202.073,4,13550,64.0,3545.0,53778.0,96.0
218,2026-02-09T21:03:02.000000Z,2026-02-09T23:12:36.299999Z,7774.3,21.425472,-158.29533,21.422674,-158.28262,1351.92,201.304,4,13492,64.0,3545.0,53763.0,96.0
219,2026-02-09T23:15:04.000000Z,2026-02-10T01:25:32.500000Z,7828.5,21.422995,-158.28297,21.418362,-158.28192,526.51,201.945,4,13448,64.0,3545.0,53749.0,96.0
220,2026-02-10T01:29:48.000000Z,2026-02-10T03:40:34.900000Z,7846.9,21.419134,-158.2825,21.408434,-158.27261,1569.64,201.377,4,13388,63.0,3548.0,53734.0,95.0
221,2026-02-10T03:42:05.000000Z,2026-02-10T05:55:21.700000Z,7996.7,21.408592,-158.2726,21.396976,-158.2547,2258.85,201.322,4,13316,63.0,3545.0,53720.0,95.0
222,2026-02-10T05:56:29.099999Z,2026-02-10T08:09:58.700000Z,8009.6,21.396719,-158.25417,21.394026,-158.23486,2021.5,202.256,4,13255,63.0,3548.0,53705.0,95.0
223,2026-02-10T08:14:51.000000Z,2026-02-10T10:28:41.799999Z,8030.8,21.39458,-158.23529,21.391552,-158.22209,1407.51,201.212,4,13210,62.0,3548.0,53690.0,95.0
224,2026-02-10T10:30:03.000000Z,2026-02-10T12:43:31.900000Z,8008.9,21.391586,-158.22218,21.381466,-158.20721,1915.38,201.917,4,13120,62.0,3545.0,53676.0,95.0
225,2026-02-10T12:44:33.000000Z,2026-02-10T14:57:57.500000Z,8004.5,21.381598,-158.20738,21.368628,-158.18697,2558.58,201.752,4,13078,62.0,3545.0,53661.0,95.0
226,2026-02-10T15:02:00.000000Z,2026-02-10T17:13:50.700000Z,7910.7,21.368738,-158.18697,21.35539,-158.15935,3222.38,201.542,4,13034,62.0,3545.0,53646.0,95.0
227,2026-02-10T17:33:36.000000Z,2026-02-10T17:39:25.700000Z,349.7,21.35586,-158.16005,21.356133,-158.16026,37.34,1.572,0,13014,62.0,3545.0,53560.0,95.0
228,2026-02-10T17:50:05.000000Z,2026-02-10T17:56:43.700000Z,398.7,21.356724,-158.16075,21.357187,-158.16098,56.73,,0,13002,62.0,3545.0,53391.0,95.0
229,2026-02-10T19:06:29.000000Z,2026-02-10T20:14:42.299999Z,4093.3,21.360308,-158.16269,21.352242,-158.17484,1545.19,201.67,2,12922,61.0,3545.0,53298.0,95.0
230,2026-02-10T20:16:00.000000Z,2026-02-10T21:22:40.099999Z,4000.1,21.352428,-158.17497,21.34593,-158.18628,1376.25,201.276,2,12879,61.0,3545.0,53290.0,95.0
231,2026-02-10T21:24:22.000000Z,2026-02-10T22:31:23.700000Z,4021.7,21.346107,-158.18646,21.35512,-158.17351,1674.24,201.633,2,12862,61.0,3548.0,53283.0,95.0
232,2026-02-10T22:32:13.000000Z,2026-02-10T23:40:07.900000Z,4074.9,21.355116,-158.17351,21.343563,-158.18124,1513.66,201.24,2,12846,61.0,3548.0,53275.0,95.0
233,2026-02-10T23:44:56.000000Z,2026-02-11T00:53:33.599999Z,4117.6,21.343702,-158.18164,21.352068,-158.1712,1426.33,201.185,2,12815,61.0,3548.0,53267.0,95.0
234,2026-02-11T00:54:48.000000Z,2026-02-11T02:02:08.599999Z,4040.6,21.352062,-158.17122,21.341242,-158.18103,1574.72,201.945,2,12769,60.0,3548.0,53260.0,95.0
235,2026-02-11T02:03:17.000000Z,2026-02-11T03:09:24.900000Z,3967.9,21.341127,-158.181,21.34854,-158.16927,1468.1,201.249,2,12755,60.0,3545.0,53252.0,95.0
236,2026-02-11T03:12:04.000000Z,2026-02-11T03:46:22.099999Z,2058.1,21.348442,-158.16911,21.339361,-158.16629,1051.15,201.597,1,12737,60.0,3548.0,53180.0,94.0
237,2026-02-11T04:07:51.000000Z,2026-02-11T04:45:33.299999Z,2262.3,21.337929,-158.16547,21.32901,-158.16449,996.93,191.498,1,12705,60.0,3545.0,53069.0,94.0
238,2026-02-11T04:47:15.000000Z,2026-02-11T05:21:36.400000Z,2061.4,21.328957,-158.16444,21.320555,-158.16571,943.48,191.544,1,12672,60.0,3543.0,53065.0,94.0
239,2026-02-11T05:26:05.000000Z,2026-02-11T06:01:13.700000Z,2108.7,21.320194,-158.16597,21.311712,-158.1665,944.75,191.526,1,12668,60.0,3543.0,53061.0,94.0
240,2026-02-11T06:05:32.000000Z,2026-02-11T06:40:49.200000Z,2117.2,21.311646,-158.16673,21.303093,-158.16652,951.3,191.581,1,12632,60.0,3543.0,53057.0,94.0
241,2026-02-11T06:41:45.000000Z,2026-02-11T07:17:15.299999Z,2130.3,21.302996,-158.16663,21.294432,-158.1675,956.53,192.432,1,12598,60.0,3545.0,53053.0,94.0
242,2026-02-11T07:18:20.000000Z,2026-02-11T07:56:34.400000Z,2294.4,21.294344,-158.16768,21.285872,-158.16736,942.63,191.334,1,12610,60.0,3543.0,53048.0,94.0
243,2026-02-11T07:59:04.000000Z,2026-02-11T08:34:39.200000Z,2135.2,21.285849,-158.16762,21.278305,-158.16872,846.56,191.443,1,12590,60.0,3543.0,53044.0,94.0
244,2026-02-11T08:35:33.000000Z,2026-02-11T09:12:47.500000Z,2234.5,21.278152,-158.16895,21.270557,-158.16882,844.63,191.993,1,12556,60.0,3543.0,53040.0,94.0
245,2026-02-11T09:16:59.000000Z,2026-02-11T10:26:14.200000Z,4155.2,21.270432,-158.16931,21.28212,-158.1648,1381.11,201.194,2,12521,59.0,3545.0,53030.0,94.0
246,2026-02-11T10:27:06.000000Z,2026-02-11T11:35:33.500000Z,4107.5,21.282127,-158.16484,21.293188,-158.16316,1242.18,201.368,2,12503,59.0,3545.0,53022.0,94.0
247,2026-02-11T11:36:37.799999Z,2026-02-11T12:44:21.099999Z,4063.3,21.293266,-158.16312,21.302822,-158.16183,1070.95,201.176,2,12458,59.0,3545.0,53015.0,94.0
248,2026-02-11T12:45:56.000000Z,2026-02-11T13:53:57.400000Z,4081.4,21.3028,-158.16183,21.311722,-158.16002,1009.65,201.945,2,12425,59.0,3545.0,53007.0,94.0
249,2026-02-11T13:54:49.000000Z,2026-02-11T15:02:16.700000Z,4047.7,21.31173,-158.16006,21.318813,-158.15892,796.4,201.24,2,12411,59.0,3543.0,52999.0,94.0
250,2026-02-11T15:06:35.000000Z,2026-02-11T16:15:00.799999Z,4105.8,21.318413,-158.15875,21.325329,-158.15872,769.03,201.661,2,12378,59.0,3545.0,52992.0,94.0
251,2026-02-11T16:15:57.000000Z,2026-02-11T17:23:08.500000Z,4031.5,21.325346,-158.15872,21.335123,-158.15923,1088.44,201.166,2,12347,58.0,3545.0,52984.0,94.0
252,2026-02-11T17:46:03.000000Z,2026-02-11T18:06:32.000000Z,1229.0,21.333532,-158.16008,21.332645,-158.15634,399.73,51.945,2,12272,58.0,3543.0,52887.0,94.0
253,2026-02-11T18:09:06.000000Z,2026-02-11T18:27:27.799999Z,1101.8,21.332417,-158.15642,21.333164,-158.15329,334.67,51.176,2,12309,58.0,3540.0,52885.0,94.0
254,2026-02-11T18:28:12.000000Z,2026-02-11T18:46:16.900000Z,1084.9,21.333132,-158.15326,21.3339,-158.15047,301.33,50.928,2,12283,58.0,3543.0,52883.0,94.0
255,2026-02-11T18:49:38.000000Z,2026-02-11T19:57:46.000000Z,4088.0,21.333616,-158.15042,21.327065,-158.16345,1533.65,202.183,2,12265,58.0,3545.0,52874.0,94.0
256,2026-02-11T19:58:32.000000Z,2026-02-11T20:23:18.400000Z,1486.4,21.327059,-158.16336,21.33104,-158.16205,463.0,72.397,2,12236,58.0,3545.0,52783.0,94.0
