time,longitude,latitude
2026-01-28T23:01:44.999875Z,-158.1523847,21.2093205
2026-01-28T23:05:07.999879Z,-158.1518618,21.208709799999998
2026-01-28T23:14:55.999791Z,-158.1513158,21.2075302
2026-01-28T23:26:10.000478Z,-158.15065439999998,21.2059365
2026-01-28T23:35:24.000381Z,-158.15012959999999,21.2045057
2026-01-28T23:42:44.000055Z,-158.14982089999998,21.203678399999998
2026-01-28T23:50:08.000321Z,-158.1496554,21.2027929
2026-01-28T23:56:57.000375Z,-158.1494844,21.202176899999998
2026-01-28T23:58:37.000372Z,-158.149286,21.201937599999997
2026-01-29T00:05:20.999652Z,-158.1491557,21.201220499999998
2026-01-29T00:08:07.999644Z,-158.1487962,21.200817999999998
2026-01-29T00:14:54.000083Z,-158.1486199,21.2000471
2026-01-29T00:17:51.000074Z,-158.1482426,21.1997063
2026-01-29T00:24:39.000035Z,-158.14808159999998,21.1991032
2026-01-29T00:26:59.000029Z,-158.1477753,21.1988809
2026-01-29T00:33:42.999767Z,-158.14767809999998,21.1981879
2026-01-29T00:38:35.999750Z,-158.1471263,21.197493599999998
2026-01-29T00:45:18.999528Z,-158.14713369999998,21.1970493
2026-01-29T00:51:37.999503Z,-158.146495,21.1963202
2026-01-29T00:59:04.999502Z,-158.1463398,21.195682899999998
2026-01-29T01:05:54.000472Z,-158.14637209999998,21.1950883
2026-01-29T01:07:40.000469Z,-158.1461852,21.1948211
2026-01-29T01:14:56.000138Z,-158.14610589999998,21.1943388
2026-01-29T01:22:23.000015Z,-158.1460123,21.1937784
2026-01-29T01:29:12.999985Z,-158.14601,21.1932541
2026-01-29T01:32:52.999975Z,-158.1456842,21.1928892
2026-01-29T01:40:28.000451Z,-158.14554289999998,21.1922618
2026-01-29T01:47:11.000459Z,-158.14561989999999,21.1917583
2026-01-29T01:50:44.000448Z,-158.1451973,21.191452599999998
2026-01-29T01:57:26.999759Z,-158.1451411,21.1909109
2026-01-29T01:59:26.999755Z,-158.1448991,21.1906948
2026-01-29T02:06:30.000366Z,-158.1448091,21.1901922
2026-01-29T02:09:07.000360Z,-158.1445329,21.189869899999998
2026-01-29T02:16:39.999877Z,-158.1445388,21.189319599999997
2026-01-29T02:23:32.999980Z,-158.14454179999998,21.1889955
2026-01-29T02:25:41.999975Z,-158.1442257,21.188788
2026-01-29T02:33:15.000354Z,-158.1442716,21.188462599999998
2026-01-29T02:39:55.999891Z,-158.1444008,21.1881296
2026-01-29T02:41:37.999888Z,-158.14419189999998,21.1879779
2026-01-29T03:00:45.999567Z,-158.1456344,21.1884904
2026-01-29T03:19:37.000060Z,-158.1468098,21.189091299999998
2026-01-29T03:38:09.999570Z,-158.148065,21.1898192
2026-01-29T03:56:51.999574Z,-158.1499589,21.1904437
2026-01-29T03:58:30.999572Z,-158.1497463,21.1902281
2026-01-29T04:16:34.999845Z,-158.1515398,21.1909557
2026-01-29T04:21:05.999833Z,-158.1507454,21.1906873
2026-01-29T04:39:47.000470Z,-158.1527736,21.1910413
2026-01-29T04:40:59.000469Z,-158.1525594,21.1909311
2026-01-29T05:17:28.999566Z,-158.1584878,21.191749599999998
2026-01-29T05:20:39.999561Z,-158.1581994,21.191604299999998
2026-01-29T05:57:23.000307Z,-158.1646792,21.191374
2026-01-29T06:33:22.000384Z,-158.17128219999998,21.191086499999997
2026-01-29T06:37:52.000377Z,-158.170571,21.1910699
2026-01-29T07:13:59.999532Z,-158.17627819999998,21.1903415
2026-01-29T07:37:47.000401Z,-158.1723749,21.1897666
2026-01-29T08:16:38.499769Z,-158.1778291,21.1905967
2026-01-29T08:19:32.999764Z,-158.1774034,21.1905456
2026-01-29T08:56:28.999677Z,-158.1823943,21.192683199999998
2026-01-29T09:34:40.000403Z,-158.18894179999998,21.193566399999998
2026-01-29T09:36:43.000402Z,-158.18854439999998,21.1935663
2026-01-29T10:13:23.999670Z,-158.1949224,21.1947182
2026-01-29T10:15:15.999668Z,-158.1946331,21.1946873
2026-01-29T10:51:07.999969Z,-158.2008798,21.1958663
2026-01-29T10:55:50.999959Z,-158.20018819999999,21.1955071
2026-01-29T11:32:19.999793Z,-158.20610489999999,21.1965495
2026-01-29T12:09:43.999944Z,-158.2126858,21.197538299999998
2026-01-29T12:47:09.999805Z,-158.2195438,21.198600199999998
2026-01-29T13:24:54.000214Z,-158.2268755,21.1999246
2026-01-29T14:01:05.000082Z,-158.23328899999998,21.2010935
2026-01-29T14:03:57.000077Z,-158.2332162,21.200737399999998
2026-01-29T14:40:09.000348Z,-158.239419,21.2027525
2026-01-29T14:42:28.000345Z,-158.2392494,21.2024558
2026-01-29T15:17:52.999699Z,-158.2468726,21.2026206
2026-01-29T15:19:00.999699Z,-158.2469271,21.2025057
2026-01-29T15:55:03.999816Z,-158.2552943,21.202088
2026-01-29T15:57:18.999813Z,-158.2551303,21.2019521
2026-01-29T16:32:59.999870Z,-158.2616431,21.200645899999998
2026-01-29T17:08:57.999642Z,-158.2685785,21.1994075
2026-01-29T17:46:13.000047Z,-158.27489,21.1977622
2026-01-29T18:27:53.000321Z,-158.2806443,21.195814
2026-01-29T18:32:31.000311Z,-158.28001989999999,21.1956825
2026-01-29T19:14:59.999629Z,-158.2844331,21.194350999999997
2026-01-29T19:17:31.999626Z,-158.2840377,21.1941956
2026-01-29T19:59:31.000177Z,-158.2884742,21.1934602
2026-01-29T20:00:51.000176Z,-158.2882142,21.193335299999998
2026-01-29T20:41:58.999856Z,-158.29167669999998,21.192327799999997
2026-01-29T20:44:46.999852Z,-158.2911264,21.1921851
2026-01-29T21:25:56.999847Z,-158.29424,21.1915662
2026-01-29T21:27:14.999846Z,-158.29410529999998,21.1914722
2026-01-29T22:27:38.500212Z,-158.29559179999998,21.1907057
2026-01-29T22:28:56.000211Z,-158.2954256,21.1906379
2026-01-29T23:28:39.000097Z,-158.29757899999998,21.1878598
2026-01-30T00:28:59.999548Z,-158.30069799999998,21.1849779
2026-01-30T00:30:44.999546Z,-158.3005215,21.1847827
2026-01-30T01:39:14.000396Z,-158.30422199999998,21.1808829
2026-01-30T02:48:29.000321Z,-158.3202334,21.177469
2026-01-30T04:06:30.000046Z,-158.3231744,21.186505099999998
2026-01-30T04:07:31.000046Z,-158.3231956,21.1863936
2026-01-30T05:23:25.000322Z,-158.32135399999999,21.1964161
2026-01-30T06:37:12.999809Z,-158.31854099999998,21.208928099999998
2026-01-30T06:42:37.999796Z,-158.318176,21.2088544
2026-01-30T09:08:45.999698Z,-158.31191379999999,21.236547599999998
2026-01-30T11:36:13.999787Z,-158.31659829999998,21.2564899
2026-01-30T14:02:57.999657Z,-158.32638459999998,21.270875
2026-01-30T16:16:48.999771Z,-158.31090369999998,21.2829954
2026-01-30T16:23:04.999516Z,-158.311113,21.2826283
2026-01-30T16:33:48.999561Z,-158.3112993,21.282346399999998
2026-01-30T16:40:51.000226Z,-158.3116119,21.2816129
2026-01-30T16:46:22.000364Z,-158.3119022,21.2814327
2026-01-30T16:53:03.984035Z,-158.3117957,21.2811174
2026-01-30T18:22:08.499668Z,-158.32902439999998,21.284077
2026-01-30T18:23:16.999667Z,-158.3290795,21.2840977
2026-01-30T19:47:38.499501Z,-158.32460609999998,21.3009605
2026-01-30T19:53:35.000093Z,-158.3238677,21.3010201
2026-01-30T21:22:30.000127Z,-158.3130498,21.321648099999997
2026-01-30T21:25:11.999701Z,-158.3126829,21.321594899999997
2026-01-30T22:51:32.989015Z,-158.3124301,21.335300999999998
2026-01-30T22:52:34.000014Z,-158.31230979999998,21.3352067
2026-01-31T00:19:38.499765Z,-158.3187802,21.3463565
2026-01-31T00:27:59.999736Z,-158.31864779999998,21.345978
2026-01-31T01:55:54.999591Z,-158.3259508,21.3598279
2026-01-31T03:23:39.000145Z,-158.3234357,21.3708419
2026-01-31T04:50:45.988772Z,-158.3181897,21.376867999999998
2026-01-31T06:19:29.999681Z,-158.31084859999999,21.3776366
2026-01-31T06:36:38.000184Z,-158.3105774,21.380582
2026-01-31T07:52:05.000415Z,-158.31656479999998,21.403197199999997
2026-01-31T09:06:39.999916Z,-158.311733,21.4205096
2026-01-31T10:22:10.999950Z,-158.3052262,21.435022
2026-01-31T11:37:06.999969Z,-158.3082326,21.446804099999998
2026-01-31T13:05:34.990825Z,-158.308115,21.4587857
2026-01-31T14:18:30.000014Z,-158.3129557,21.4736859
2026-01-31T14:21:10.000010Z,-158.31326479999998,21.4737509
2026-01-31T15:37:51.999704Z,-158.315487,21.4919291
2026-01-31T15:39:03.999704Z,-158.31563069999999,21.4921301
2026-01-31T18:04:22.500488Z,-158.30961259999998,21.5297777
2026-01-31T18:06:13.000487Z,-158.3098209,21.5301066
2026-01-31T20:30:50.983573Z,-158.33875419999998,21.5186866
2026-01-31T20:33:06.988570Z,-158.33876329999998,21.5187129
2026-01-31T22:00:08.999599Z,-158.3497116,21.5079003
2026-01-31T23:30:52.999599Z,-158.36105709999998,21.504836299999997
2026-02-01T02:02:08.500405Z,-158.3860468,21.5095954
2026-02-01T02:04:04.000402Z,-158.3861095,21.50958
2026-02-01T04:31:55.000166Z,-158.42276619999998,21.521155399999998
2026-02-01T04:34:54.000161Z,-158.4225516,21.5214604
2026-02-01T07:08:16.000360Z,-158.4266288,21.509889899999997
2026-02-01T09:37:10.964713Z,-158.4134062,21.493029999999997
2026-02-01T12:05:59.999642Z,-158.38462189999998,21.4785203
2026-02-01T12:07:39.999640Z,-158.3846355,21.4782415
2026-02-01T14:35:51.993887Z,-158.3776206,21.4927519
2026-02-01T14:37:06.999886Z,-158.3777397,21.492703199999998
2026-02-01T17:09:35.000023Z,-158.4144862,21.5200899
2026-02-01T19:56:20.000473Z,-158.4255895,21.508053699999998
2026-02-01T19:57:45.000337Z,-158.4260392,21.508075299999998
2026-02-01T19:59:13.000037Z,-158.4262688,21.508371699999998
2026-02-01T20:08:40.999649Z,-158.42767659999998,21.5094924
2026-02-01T20:12:34.999626Z,-158.4283132,21.5099977
2026-02-02T00:10:08.000003Z,-158.4198489,21.4766652
2026-02-02T00:13:50.999995Z,-158.4198338,21.4761907
2026-02-02T04:08:07.999838Z,-158.4095748,21.4699459
2026-02-02T04:12:11.999829Z,-158.4099503,21.470342
2026-02-02T05:29:25.999864Z,-158.4085017,21.4826308
2026-02-02T05:35:04.999915Z,-158.4095015,21.483793799999997
2026-02-02T05:41:18.999807Z,-158.41060109999998,21.485101099999998
2026-02-02T05:48:09.999600Z,-158.4118426,21.4870943
2026-02-02T08:00:59.999675Z,-158.41815889999998,21.4996524
2026-02-02T08:05:48.999664Z,-158.4184896,21.5009217
2026-02-02T09:09:31.999647Z,-158.4180266,21.5024867
2026-02-02T10:10:46.000200Z,-158.4170004,21.4982127
2026-02-02T11:13:42.000111Z,-158.4141039,21.4901266
2026-02-02T11:17:11.000104Z,-158.4138074,21.4897191
2026-02-02T12:21:34.000094Z,-158.40784309999998,21.4816267
2026-02-02T13:21:28.000273Z,-158.40201249999998,21.476119
2026-02-02T13:26:12.000262Z,-158.4016125,21.475606199999998
2026-02-02T14:29:08.000236Z,-158.3956752,21.4720244
2026-02-02T14:30:41.000235Z,-158.3955277,21.472034
2026-02-02T18:01:49.999935Z,-158.3885014,21.470406
2026-02-02T21:29:33.999858Z,-158.3822717,21.483440899999998
2026-02-02T21:34:37.999845Z,-158.3820601,21.4838539
2026-02-03T00:49:08.000346Z,-158.3610889,21.4472536
2026-02-03T00:51:54.000341Z,-158.3609313,21.4469274
2026-02-03T02:30:22.000340Z,-158.3548902,21.424509
2026-02-03T04:19:36.964415Z,-158.3471711,21.423399099999997
2026-02-03T05:53:38.016086Z,-158.3455736,21.424849
2026-02-03T05:59:38.000069Z,-158.3458393,21.4258193
2026-02-03T07:35:19.000201Z,-158.34534979999998,21.431323
2026-02-03T07:36:50.000199Z,-158.3454323,21.4315177
2026-02-03T09:12:15.970416Z,-158.34470349999998,21.4326933
2026-02-03T09:15:02.000411Z,-158.34477239999998,21.432812
2026-02-03T12:26:38.500288Z,-158.33142229999999,21.4118727
2026-02-03T12:29:33.000284Z,-158.3312456,21.4112136
2026-02-03T15:36:38.000439Z,-158.3138358,21.3747924
2026-02-03T15:38:36.000436Z,-158.3138601,21.3744554
2026-02-03T18:44:35.999574Z,-158.2950368,21.3704268
2026-02-03T20:35:22.999588Z,-158.29473959999999,21.3725287
2026-02-03T21:15:40.999848Z,-158.29605139999998,21.3749823
2026-02-03T21:21:21.000361Z,-158.296799,21.3750298
2026-02-03T23:15:19.999506Z,-158.29349499999998,21.3743977
2026-02-04T01:01:20.998776Z,-158.2905611,21.366627299999998
2026-02-04T01:04:30.995770Z,-158.2905534,21.3664247
2026-02-04T02:43:54.999822Z,-158.2843427,21.3544144
2026-02-04T04:12:51.999776Z,-158.2782679,21.3467163
2026-02-04T05:36:59.999727Z,-158.2731734,21.3432599
2026-02-04T05:39:15.999723Z,-158.27330279999998,21.3434453
2026-02-04T07:02:51.997380Z,-158.2689087,21.342814
2026-02-04T07:06:25.026372Z,-158.2691008,21.3430541
2026-02-04T08:33:12.000328Z,-158.2691023,21.3427603
2026-02-04T09:58:09.995223Z,-158.2691299,21.3422505
2026-02-04T11:20:28.996333Z,-158.2668157,21.339860899999998
2026-02-04T11:21:34.000333Z,-158.26679489999998,21.3399276
2026-02-04T12:45:06.000408Z,-158.26197449999998,21.3325785
2026-02-04T14:09:28.000052Z,-158.25825799999998,21.3205225
2026-02-04T15:49:42.989988Z,-158.2524987,21.31101
2026-02-04T15:51:28.996985Z,-158.2526825,21.311043299999998
2026-02-04T17:15:53.000139Z,-158.2473985,21.307087199999998
2026-02-04T17:18:14.000134Z,-158.2476064,21.3076142
2026-02-04T18:36:20.000406Z,-158.2440737,21.3043895
2026-02-04T19:02:29.999556Z,-158.2436444,21.3035782
2026-02-04T19:07:56.999923Z,-158.2437668,21.304233
2026-02-04T19:13:18.000293Z,-158.24394329999998,21.3053408
2026-02-04T19:18:55.000157Z,-158.2444914,21.3054544
2026-02-04T19:24:57.000321Z,-158.2448136,21.3057667
2026-02-04T19:30:36.999926Z,-158.2450606,21.3062859
2026-02-04T20:49:44.999933Z,-158.2451121,21.305904299999998
2026-02-04T22:09:08.499705Z,-158.2458484,21.307562
2026-02-04T22:13:30.999695Z,-158.2464368,21.3081615
2026-02-04T23:32:09.000435Z,-158.2456063,21.3096913
2026-02-04T23:34:40.000431Z,-158.2457546,21.3100305
2026-02-05T00:51:31.000190Z,-158.2423077,21.3087102
2026-02-05T00:52:44.000189Z,-158.2423976,21.3089075
2026-02-05T02:09:51.999812Z,-158.2388014,21.3016784
2026-02-05T03:21:48.999873Z,-158.2348859,21.2935239
2026-02-05T04:38:00.000322Z,-158.22908619999998,21.286977099999998
2026-02-05T05:48:22.000048Z,-158.22301249999998,21.279776899999998
2026-02-05T05:53:33.000033Z,-158.22310299999998,21.2802225
2026-02-05T07:25:00.000424Z,-158.2189195,21.276535499999998
2026-02-05T07:27:44.000419Z,-158.21901599999998,21.2765681
2026-02-05T08:55:52.978778Z,-158.21263729999998,21.2738892
2026-02-05T10:11:08.000094Z,-158.2074448,21.268058999999997
2026-02-05T10:12:21.000092Z,-158.2078017,21.2680212
2026-02-05T11:24:12.999717Z,-158.2010559,21.2624828
2026-02-05T11:25:25.999716Z,-158.2010297,21.262578299999998
2026-02-05T12:39:08.999880Z,-158.1938757,21.256115899999998
2026-02-05T13:50:29.000370Z,-158.1884392,21.2493811
2026-02-05T13:52:02.000369Z,-158.1885864,21.249655999999998
2026-02-05T15:03:00.999750Z,-158.1850763,21.241439399999997
2026-02-05T15:05:11.999746Z,-158.1853874,21.241763
2026-02-05T16:18:30.999737Z,-158.1798666,21.2337788
2026-02-05T18:42:38.499843Z,-158.16373099999998,21.2364067
2026-02-05T18:46:24.000388Z,-158.1639959,21.2367269
2026-02-05T18:51:46.000067Z,-158.1642704,21.2371811
2026-02-05T18:54:56.000328Z,-158.1645113,21.237499
2026-02-05T18:56:24.999745Z,-158.164562,21.2376853
2026-02-05T19:01:48.999913Z,-158.16495319999999,21.2381056
2026-02-05T19:06:50.000168Z,-158.1652899,21.238453099999997
2026-02-05T21:28:54.999650Z,-158.2053166,21.2667221
2026-02-05T21:30:29.999648Z,-158.2054805,21.2668347
2026-02-05T23:10:50.986650Z,-158.2271269,21.286162599999997
2026-02-05T23:12:28.999649Z,-158.2273787,21.2864365
2026-02-06T02:02:14.999676Z,-158.2552447,21.3258051
2026-02-06T03:43:29.999638Z,-158.2498627,21.3174878
2026-02-06T03:48:54.999622Z,-158.24983799999998,21.3177928
2026-02-06T06:33:22.000028Z,-158.2793217,21.3445701
2026-02-06T08:16:46.011054Z,-158.2918369,21.3665667
2026-02-06T11:04:09.000274Z,-158.33065009999999,21.3976974
2026-02-06T13:51:16.999855Z,-158.3534477,21.422725
2026-02-06T15:32:03.986600Z,-158.3518217,21.4279585
2026-02-06T15:34:03.010598Z,-158.3517156,21.427761699999998
2026-02-06T18:22:46.000145Z,-158.3585427,21.4460808
2026-02-06T19:11:41.000029Z,-158.36447429999998,21.4528498
2026-02-06T20:05:59.000146Z,-158.37134279999998,21.4601924
2026-02-06T21:10:56.999634Z,-158.3810335,21.4703919
2026-02-06T23:38:33.000163Z,-158.399409,21.4909598
2026-02-07T02:11:30.000412Z,-158.4251919,21.483349699999998
2026-02-07T02:13:30.000409Z,-158.4251789,21.483428099999998
2026-02-07T04:46:49.999815Z,-158.41296459999998,21.4925943
2026-02-07T07:13:00.000137Z,-158.390561,21.4843409
2026-02-07T07:15:04.000134Z,-158.39020979999998,21.484427399999998
2026-02-07T09:38:38.978091Z,-158.3988192,21.480805
2026-02-07T11:59:59.999708Z,-158.40198139999998,21.4747955
2026-02-07T12:04:55.999693Z,-158.4026571,21.474016199999998
2026-02-07T14:32:46.000279Z,-158.4025098,21.4562052
2026-02-07T16:53:04.999650Z,-158.3946824,21.4479003
2026-02-07T16:54:27.000201Z,-158.3947312,21.4476929
2026-02-07T18:08:19.999864Z,-158.3911483,21.4500857
2026-02-07T19:11:57.999767Z,-158.3867578,21.450309999999998
2026-02-07T20:15:38.500133Z,-158.3842949,21.4517059
2026-02-07T20:19:00.000123Z,-158.3846302,21.451770999999997
2026-02-07T21:30:45.999868Z,-158.3862857,21.456305
2026-02-07T21:32:52.999865Z,-158.38660779999998,21.4564474
2026-02-07T22:21:46.000030Z,-158.38642289999999,21.4613542
2026-02-07T22:28:00.000320Z,-158.3875986,21.4616936
2026-02-07T22:33:33.999882Z,-158.3889916,21.4619108
2026-02-07T22:40:27.999816Z,-158.39016049999998,21.4621942
2026-02-07T22:45:58.000450Z,-158.3922355,21.4626432
2026-02-07T22:52:29.000201Z,-158.3935232,21.462792099999998
2026-02-07T23:39:56.000384Z,-158.3943105,21.4647047
2026-02-08T00:28:39.999978Z,-158.3953197,21.4646969
2026-02-08T00:30:38.999974Z,-158.3957429,21.464832899999998
2026-02-08T01:23:38.999689Z,-158.3958994,21.4617298
2026-02-08T01:29:07.999673Z,-158.3970665,21.4621528
2026-02-08T02:18:00.000258Z,-158.3969756,21.4588194
2026-02-08T03:08:30.000330Z,-158.3954531,21.459117
2026-02-08T03:11:08.000325Z,-158.3958925,21.4591223
2026-02-08T04:03:01.999593Z,-158.3933372,21.4577703
2026-02-08T04:04:06.999591Z,-158.3934253,21.457766499999998
2026-02-08T04:56:19.000240Z,-158.3886643,21.455821399999998
2026-02-08T05:46:12.000022Z,-158.3836601,21.4543274
2026-02-08T06:32:22.999828Z,-158.3797162,21.4531983
2026-02-08T07:24:10.000229Z,-158.3775072,21.451804499999998
2026-02-08T07:28:21.000394Z,-158.3777809,21.4523877
2026-02-08T09:07:47.000024Z,-158.37654799999999,21.4573015
2026-02-08T10:48:17.987535Z,-158.3822323,21.461399099999998
2026-02-08T12:29:18.000002Z,-158.38723059999998,21.4637192
2026-02-08T14:10:24.000041Z,-158.39527239999998,21.4639754
2026-02-08T14:11:34.000269Z,-158.3954451,21.4641518
2026-02-08T15:51:16.991376Z,-158.3986146,21.464921
2026-02-08T15:52:52.997374Z,-158.3988077,21.4650026
2026-02-08T16:47:05.999541Z,-158.3976304,21.4640265
2026-02-08T17:38:56.000276Z,-158.3949063,21.4629907
2026-02-08T17:43:09.000267Z,-158.3953874,21.4633099
2026-02-08T18:34:38.500099Z,-158.3919306,21.462536099999998
2026-02-08T18:36:31.000096Z,-158.3921353,21.4625283
2026-02-08T19:03:55.999544Z,-158.3903215,21.4603271
2026-02-08T19:05:11.000200Z,-158.3904286,21.4604318
2026-02-08T19:07:24.000305Z,-158.39062529999998,21.4605054
2026-02-08T19:34:49.999961Z,-158.3875247,21.4603994
2026-02-08T19:39:09.999947Z,-158.3880616,21.4605501
2026-02-08T20:06:36.999761Z,-158.3868544,21.4586437
2026-02-08T20:07:54.999586Z,-158.3870462,21.459223599999998
2026-02-08T20:34:32.000284Z,-158.385728,21.458952099999998
2026-02-08T21:52:09.000443Z,-158.3841307,21.4579664
2026-02-08T21:58:33.000418Z,-158.3856557,21.4584774
2026-02-08T23:17:30.000002Z,-158.38649809999998,21.4609964
2026-02-08T23:21:56.999987Z,-158.3875878,21.4615987
2026-02-09T00:38:29.999839Z,-158.38779359999998,21.4647802
2026-02-09T01:52:26.999900Z,-158.3887838,21.465321499999998
2026-02-09T03:10:48.999566Z,-158.3911618,21.4640481
2026-02-09T04:26:36.000009Z,-158.3880087,21.4624003
2026-02-09T05:44:37.999711Z,-158.3812758,21.458618899999998
2026-02-09T05:51:49.999611Z,-158.38118799999998,21.4596526
2026-02-09T07:00:14.999729Z,-158.3640499,21.4625003
2026-02-09T07:05:32.999715Z,-158.36682109999998,21.4598116
2026-02-09T08:13:39.000154Z,-158.3584486,21.4545392
2026-02-09T09:23:00.999540Z,-158.35077579999998,21.450578099999998
2026-02-09T09:25:46.999534Z,-158.3507521,21.450939599999998
2026-02-09T10:35:19.998551Z,-158.345724,21.4477682
2026-02-09T11:43:17.000080Z,-158.3433612,21.4455378
2026-02-09T11:45:04.000077Z,-158.3436925,21.445874699999997
2026-02-09T12:54:00.000459Z,-158.34389529999999,21.445395599999998
2026-02-09T12:56:34.000453Z,-158.34445589999999,21.4457959
2026-02-09T14:06:20.000190Z,-158.34383789999998,21.4436304
2026-02-09T15:14:58.999590Z,-158.3417845,21.439770199999998
2026-02-09T15:20:21.999574Z,-158.3426432,21.440522899999998
2026-02-09T16:30:06.000179Z,-158.3354268,21.4376653
2026-02-09T17:38:56.000102Z,-158.32516669999998,21.434347199999998
2026-02-09T18:46:35.999568Z,-158.3147732,21.4296427
2026-02-09T18:47:57.999566Z,-158.3147361,21.4297939
2026-02-09T21:03:02.000008Z,-158.2953322,21.425472
2026-02-09T23:12:55.996501Z,-158.2826287,21.4226748
2026-02-09T23:15:04.000497Z,-158.2829705,21.4229949
2026-02-10T01:26:07.999885Z,-158.2819245,21.418360999999997
2026-02-10T01:29:47.999875Z,-158.2825086,21.4191336
2026-02-10T03:42:04.999741Z,-158.2725997,21.4085918
2026-02-10T05:56:28.988816Z,-158.2541708,21.3967191
2026-02-10T08:10:38.499983Z,-158.23486309999998,21.3940265
2026-02-10T08:14:50.999971Z,-158.2352843,21.3945807
2026-02-10T10:30:03.000457Z,-158.2221866,21.391586399999998
2026-02-10T12:44:32.922827Z,-158.20737889999998,21.3815983
2026-02-10T14:58:38.500033Z,-158.1869628,21.3686267
2026-02-10T15:02:00.000025Z,-158.18696129999998,21.3687386
2026-02-10T17:14:30.000045Z,-158.15934479999999,21.3553911
2026-02-10T17:33:36.000162Z,-158.1600497,21.3558593
2026-02-10T17:39:28.999768Z,-158.1602676,21.3561326
2026-02-10T17:40:40.999760Z,-158.1603364,21.3562153
2026-02-10T17:50:05.000325Z,-158.160756,21.356724399999997
2026-02-10T17:51:58.000159Z,-158.1606146,21.3566057
2026-02-10T17:56:47.000070Z,-158.16097349999998,21.3571877
2026-02-10T17:58:42.000223Z,-158.1609134,21.356956
2026-02-10T18:04:57.000241Z,-158.1609729,21.357617599999998
2026-02-10T18:10:23.000074Z,-158.1620223,21.357782999999998
2026-02-10T18:14:48.000296Z,-158.1615885,21.3582704
2026-02-10T18:19:17.000051Z,-158.161569,21.3584976
2026-02-10T18:24:51.999611Z,-158.1613634,21.3590291
2026-02-10T18:30:15.000424Z,-158.1617693,21.3587617
2026-02-10T18:34:38.999909Z,-158.1617437,21.3591649
2026-02-10T19:06:29.000147Z,-158.1626918,21.3603079
2026-02-10T20:16:00.000255Z,-158.17496509999998,21.3524293
2026-02-10T21:22:50.999859Z,-158.18628329999999,21.345930499999998
2026-02-10T21:24:21.999857Z,-158.1864587,21.346108299999997
2026-02-10T22:32:13.000408Z,-158.1735085,21.355116499999998
2026-02-10T23:40:22.000379Z,-158.1812462,21.3435636
2026-02-10T23:44:56.000365Z,-158.18163909999998,21.343702
2026-02-11T00:54:47.999824Z,-158.1712231,21.3520613
2026-02-11T02:03:16.999666Z,-158.18099669999998,21.341128299999998
2026-02-11T03:09:35.999578Z,-158.1692626,21.3485396
2026-02-11T03:12:03.999574Z,-158.1691203,21.348442799999997
2026-02-11T03:46:58.000182Z,-158.1662931,21.339361399999998
2026-02-11T03:49:09.000169Z,-158.1662239,21.3392139
2026-02-11T03:56:44.000393Z,-158.16589729999998,21.338639399999998
2026-02-11T04:01:13.000495Z,-158.1656981,21.3383005
2026-02-11T04:07:51.000294Z,-158.16546739999998,21.337929
2026-02-11T04:45:42.999592Z,-158.1644943,21.3290105
2026-02-11T04:47:14.999590Z,-158.1644384,21.3289565
2026-02-11T05:21:46.000143Z,-158.1657104,21.3205551
2026-02-11T05:26:05.000131Z,-158.16597149999998,21.3201942
2026-02-11T06:01:38.499801Z,-158.1665095,21.3117131
2026-02-11T06:05:31.999790Z,-158.1667355,21.3116447
2026-02-11T06:41:45.000103Z,-158.1666306,21.3029951
2026-02-11T07:18:19.999882Z,-158.1676756,21.2943431
2026-02-11T07:57:07.999513Z,-158.1673572,21.285871399999998
2026-02-11T07:59:03.999510Z,-158.1676187,21.285849199999998
2026-02-11T08:35:32.999626Z,-158.1689388,21.278153
2026-02-11T09:16:59.000264Z,-158.1693071,21.2704319
2026-02-11T10:27:06.000185Z,-158.16484169999998,21.2821277
2026-02-11T11:36:38.000105Z,-158.1631203,21.2932667
2026-02-11T12:44:35.000418Z,-158.1618397,21.3028221
2026-02-11T12:45:56.000416Z,-158.1618316,21.3027995
2026-02-11T13:54:49.000140Z,-158.16006439999998,21.311728499999997
2026-02-11T15:02:54.000265Z,-158.1589205,21.3188127
2026-02-11T15:06:35.000256Z,-158.1587557,21.3184126
2026-02-11T16:15:56.999605Z,-158.1587246,21.325346099999997
2026-02-11T17:36:49.999546Z,-158.1596099,21.3341232
2026-02-11T17:38:53.000033Z,-158.1594955,21.3338031
2026-02-11T17:45:11.999593Z,-158.16002419999998,21.333602799999998
2026-02-11T23:43:44.000042Z,-150.9887662,39.3630534
2026-02-11T23:54:23.000402Z,-157.9643312,21.3641147
2026-02-11T23:59:44.000180Z,-157.9639135,21.3646319
