deployment_code,detection_start_datetime,detection_end_datetime,detection_effort_secs,detection_sound_source_code,organization_code,analysis_code,detection_call_type_code,detection_result_code
SWFSC_NEPAC_20240913_RODEOHACK,2026-01-29T00:10:17Z,2024-09-14T00:45:44Z,2126,BBWH,PIFSC,BEAKED_ANALYSIS,OD_CLICK_FM,DETECTED
SWFSC_NEPAC_20241027_RODEOHACK,2026-01-29T00:15:05Z,2024-11-01T00:21:36Z,391,BBWH,PIFSC,BEAKED_ANALYSIS,OD_CLICK_FM,DETECTED
SWFSC_NEPAC_20241122_RODEOHACK,2026-01-29T00:28:16Z,2024-11-24T00:28:21Z,5,BBWH,PIFSC,BEAKED_ANALYSIS,OD_CLICK_FM,DETECTED
SWFSC_NEPAC_20241111_RODEOHACK,2026-01-29T00:43:42Z,2024-11-16T00:54:14Z,632,BBWH,PIFSC,BEAKED_ANALYSIS,OD_CLICK_FM,DETECTED
SWFSC_NEPAC_20241006_RODEOHACK,2026-01-29T00:52:00Z,2024-10-09T01:12:10Z,1210,BBWH,PIFSC,BEAKED_ANALYSIS,OD_CLICK_FM,DETECTED
SWFSC_NEPAC_20241006_RODEOHACK,2026-01-29T01:21:03Z,2024-10-07T01:46:33Z,1531,BBWH,PIFSC,BEAKED_ANALYSIS,OD_CLICK_FM,DETECTED
SWFSC_NEPAC_20241027_RODEOHACK,2026-01-29T01:29:35Z,2024-10-31T01:40:17Z,642,BBWH,PIFSC,BEAKED_ANALYSIS,OD_CLICK_FM,DETECTED
SWFSC_NEPAC_20241027_RODEOHACK,2026-01-29T01:54:07Z,2024-11-01T02:19:52Z,1545,BBWH,PIFSC,BEAKED_ANALYSIS,OD_CLICK_FM,DETECTED
SWFSC_NEPAC_20240914_RODEOHACK,2026-01-29T01:55:57Z,2024-09-17T02:01:54Z,357,BBWH,PIFSC,BEAKED_ANALYSIS,OD_CLICK_FM,DETECTED
SWFSC_NEPAC_20241026_RODEOHACK,2026-01-29T02:03:07Z,2024-11-09T02:38:13Z,2106,BBWH,PIFSC,BEAKED_ANALYSIS,OD_CLICK_FM,DETECTED
SWFSC_NEPAC_20240914_RODEOHACK,2026-01-29T02:16:54Z,2024-09-23T02:28:12Z,679,BBWH,PIFSC,BEAKED_ANALYSIS,OD_CLICK_FM,DETECTED
SWFSC_NEPAC_20240820_RODEOHACK,2026-01-29T02:18:07Z,2024-08-25T02:29:06Z,659,BBWH,PIFSC,BEAKED_ANALYSIS,OD_CLICK_FM,DETECTED
SWFSC_NEPAC_20241006_RODEOHACK,2026-01-29T02:24:48Z,2024-10-08T02:33:54Z,547,BBWH,PIFSC,BEAKED_ANALYSIS,OD_CLICK_FM,DETECTED
SWFSC_NEPAC_20241028_RODEOHACK,2026-01-29T02:42:26Z,2024-11-03T02:42:27Z,2,BBWH,PIFSC,BEAKED_ANALYSIS,OD_CLICK_FM,DETECTED
SWFSC_NEPAC_20241120_RODEOHACK,2026-01-29T02:43:16Z,2024-11-26T03:20:53Z,2257,BBWH,PIFSC,BEAKED_ANALYSIS,OD_CLICK_FM,DETECTED
SWFSC_NEPAC_20241028_RODEOHACK,2026-01-29T02:49:03Z,2024-11-07T02:49:41Z,38,BBWH,PIFSC,BEAKED_ANALYSIS,OD_CLICK_FM,DETECTED
SWFSC_NEPAC_20241027_RODEOHACK,2026-01-29T02:55:46Z,2024-10-29T03:00:22Z,275,BBWH,PIFSC,BEAKED_ANALYSIS,OD_CLICK_FM,DETECTED
SWFSC_NEPAC_20240913_RODEOHACK,2026-01-29T03:15:29Z,2024-09-14T03:26:58Z,689,BBWH,PIFSC,BEAKED_ANALYSIS,OD_CLICK_FM,DETECTED
SWFSC_NEPAC_20240914_RODEOHACK,2026-01-29T03:20:55Z,2024-09-23T03:32:38Z,703,BBWH,PIFSC,BEAKED_ANALYSIS,OD_CLICK_FM,DETECTED
SWFSC_NEPAC_20241009_RODEOHACK,2026-01-29T03:23:17Z,2024-10-13T03:43:08Z,1191,BBWH,PIFSC,BEAKED_ANALYSIS,OD_CLICK_FM,DETECTED
SWFSC_NEPAC_20241027_RODEOHACK,2026-01-29T03:31:04Z,2024-10-31T03:32:12Z,68,BBWH,PIFSC,BEAKED_ANALYSIS,OD_CLICK_FM,DETECTED
SWFSC_NEPAC_20240823_RODEOHACK,2026-01-29T03:56:13Z,2024-08-26T03:57:06Z,53,BBWH,PIFSC,BEAKED_ANALYSIS,OD_CLICK_FM,DETECTED
SWFSC_NEPAC_20240913_RODEOHACK,2026-01-29T04:20:57Z,2024-09-19T04:54:09Z,1992,BBWH,PIFSC,BEAKED_ANALYSIS,OD_CLICK_FM,DETECTED
SWFSC_NEPAC_20241027_RODEOHACK,2026-01-29T04:22:24Z,2024-10-28T04:39:29Z,1026,BBWH,PIFSC,BEAKED_ANALYSIS,OD_CLICK_FM,DETECTED
SWFSC_NEPAC_20241027_RODEOHACK,2026-01-29T04:24:11Z,2024-11-05T04:31:58Z,467,BBWH,PIFSC,BEAKED_ANALYSIS,OD_CLICK_FM,DETECTED
SWFSC_NEPAC_20241027_RODEOHACK,2026-01-29T04:44:52Z,2024-11-05T04:46:32Z,101,BBWH,PIFSC,BEAKED_ANALYSIS,OD_CLICK_FM,DETECTED
SWFSC_NEPAC_20241027_RODEOHACK,2026-01-29T04:55:49Z,2024-11-07T05:08:57Z,788,BBWH,PIFSC,BEAKED_ANALYSIS,OD_CLICK_FM,DETECTED
SWFSC_NEPAC_20240913_RODEOHACK,2026-01-29T04:55:52Z,2024-09-19T05:00:56Z,304,BBWH,PIFSC,BEAKED_ANALYSIS,OD_CLICK_FM,DETECTED
SWFSC_NEPAC_20240914_RODEOHACK,2026-01-29T04:57:39Z,2024-09-19T04:58:25Z,46,BBWH,PIFSC,BEAKED_ANALYSIS,OD_CLICK_FM,DETECTED
SWFSC_NEPAC_20241123_RODEOHACK,2026-01-29T05:12:03Z,2024-12-01T05:39:12Z,1629,BBWH,PIFSC,BEAKED_ANALYSIS,OD_CLICK_FM,DETECTED
SWFSC_NEPAC_20240914_RODEOHACK,2026-01-29T05:16:11Z,2024-09-19T05:51:26Z,2115,BBWH,PIFSC,BEAKED_ANALYSIS,OD_CLICK_FM,DETECTED
SWFSC_NEPAC_20240914_RODEOHACK,2026-01-29T05:25:00Z,2024-09-22T05:25:59Z,59,BBWH,PIFSC,BEAKED_ANALYSIS,OD_CLICK_FM,DETECTED
SWFSC_NEPAC_20241026_RODEOHACK,2026-01-29T05:37:14Z,2024-11-07T05:57:18Z,1204,BBWH,PIFSC,BEAKED_ANALYSIS,OD_CLICK_FM,DETECTED
SWFSC_NEPAC_20240914_RODEOHACK,2026-01-29T05:47:43Z,2024-09-23T05:59:46Z,723,BBWH,PIFSC,BEAKED_ANALYSIS,OD_CLICK_FM,DETECTED
SWFSC_NEPAC_20240914_RODEOHACK,2026-01-29T05:49:35Z,2024-09-19T05:59:28Z,593,BBWH,PIFSC,BEAKED_ANALYSIS,OD_CLICK_FM,DETECTED
SWFSC_NEPAC_20241009_RODEOHACK,2026-01-29T05:51:19Z,2024-10-10T06:06:52Z,932,BBWH,PIFSC,BEAKED_ANALYSIS,OD_CLICK_FM,DETECTED
SWFSC_NEPAC_20240914_RODEOHACK,2026-01-29T06:26:25Z,2024-09-21T06:39:40Z,795,BBWH,PIFSC,BEAKED_ANALYSIS,OD_CLICK_FM,DETECTED
SWFSC_NEPAC_20241006_RODEOHACK,2026-01-29T06:57:08Z,2024-10-09T06:57:11Z,2,BBWH,PIFSC,BEAKED_ANALYSIS,OD_CLICK_FM,DETECTED
SWFSC_NEPAC_20241027_RODEOHACK,2026-01-29T07:16:47Z,2024-11-09T07:26:24Z,577,BBWH,PIFSC,BEAKED_ANALYSIS,OD_CLICK_FM,DETECTED
SWFSC_NEPAC_20241027_RODEOHACK,2026-01-29T07:19:04Z,2024-11-08T07:29:44Z,641,BBWH,PIFSC,BEAKED_ANALYSIS,OD_CLICK_FM,DETECTED
SWFSC_NEPAC_20240914_RODEOHACK,2026-01-29T07:24:43Z,2024-09-22T07:38:34Z,831,BBWH,PIFSC,BEAKED_ANALYSIS,OD_CLICK_FM,DETECTED
SWFSC_NEPAC_20240914_RODEOHACK,2026-01-29T07:29:00Z,2024-09-22T07:45:34Z,994,BBWH,PIFSC,BEAKED_ANALYSIS,OD_CLICK_FM,DETECTED
SWFSC_NEPAC_20241005_RODEOHACK,2026-01-29T07:32:12Z,2024-10-06T07:42:22Z,610,BBWH,PIFSC,BEAKED_ANALYSIS,OD_CLICK_FM,DETECTED
SWFSC_NEPAC_20241006_RODEOHACK,2026-01-29T07:36:41Z,2024-10-08T07:53:35Z,1013,BBWH,PIFSC,BEAKED_ANALYSIS,OD_CLICK_FM,DETECTED
SWFSC_NEPAC_20241027_RODEOHACK,2026-01-29T07:55:12Z,2024-11-02T07:55:20Z,8,BBWH,PIFSC,BEAKED_ANALYSIS,OD_CLICK_FM,DETECTED
SWFSC_NEPAC_20241111_RODEOHACK,2026-01-29T08:38:38Z,2024-11-16T08:43:22Z,284,BBWH,PIFSC,BEAKED_ANALYSIS,OD_CLICK_FM,DETECTED
SWFSC_NEPAC_20240913_RODEOHACK,2026-01-29T09:06:07Z,2024-09-19T09:06:13Z,6,BBWH,PIFSC,BEAKED_ANALYSIS,OD_CLICK_FM,DETECTED
SWFSC_NEPAC_20241026_RODEOHACK,2026-01-29T09:11:36Z,2024-11-02T09:35:46Z,1450,BBWH,PIFSC,BEAKED_ANALYSIS,OD_CLICK_FM,DETECTED
SWFSC_NEPAC_20240913_RODEOHACK,2026-01-29T09:15:16Z,2024-09-16T09:18:55Z,219,BBWH,PIFSC,BEAKED_ANALYSIS,OD_CLICK_FM,DETECTED
SWFSC_NEPAC_20241006_RODEOHACK,2026-01-29T09:37:43Z,2024-10-09T10:22:01Z,2658,BBWH,PIFSC,BEAKED_ANALYSIS,OD_CLICK_FM,DETECTED
SWFSC_NEPAC_20241026_RODEOHACK,2026-01-29T09:47:21Z,2024-11-07T10:02:49Z,928,BBWH,PIFSC,BEAKED_ANALYSIS,OD_CLICK_FM,DETECTED
SWFSC_NEPAC_20240914_RODEOHACK,2026-01-29T09:52:14Z,2024-09-15T10:06:58Z,884,BBWH,PIFSC,BEAKED_ANALYSIS,OD_CLICK_FM,DETECTED
SWFSC_NEPAC_20240914_RODEOHACK,2026-01-29T09:55:59Z,2024-09-17T09:57:05Z,66,BBWH,PIFSC,BEAKED_ANALYSIS,OD_CLICK_FM,DETECTED
SWFSC_NEPAC_20241006_RODEOHACK,2026-01-29T10:12:28Z,2024-10-09T10:25:10Z,762,BBWH,PIFSC,BEAKED_ANALYSIS,OD_CLICK_FM,DETECTED
SWFSC_NEPAC_20241111_RODEOHACK,2026-01-29T10:14:15Z,2024-11-14T10:14:46Z,31,BBWH,PIFSC,BEAKED_ANALYSIS,OD_CLICK_FM,DETECTED
SWFSC_NEPAC_20241006_RODEOHACK,2026-01-29T10:21:29Z,2024-10-11T10:29:47Z,497,BBWH,PIFSC,BEAKED_ANALYSIS,OD_CLICK_FM,DETECTED
SWFSC_NEPAC_20241027_RODEOHACK,2026-01-29T10:35:32Z,2024-11-05T11:12:57Z,2245,BBWH,PIFSC,BEAKED_ANALYSIS,OD_CLICK_FM,DETECTED
SWFSC_NEPAC_20241006_RODEOHACK,2026-01-29T10:38:09Z,2024-10-07T10:54:09Z,960,BBWH,PIFSC,BEAKED_ANALYSIS,OD_CLICK_FM,DETECTED
SWFSC_NEPAC_20241027_RODEOHACK,2026-01-29T11:06:01Z,2024-10-31T11:12:35Z,395,BBWH,PIFSC,BEAKED_ANALYSIS,OD_CLICK_FM,DETECTED
SWFSC_NEPAC_20241027_RODEOHACK,2026-01-29T11:07:18Z,2024-10-27T11:07:22Z,4,BBWH,PIFSC,BEAKED_ANALYSIS,OD_CLICK_FM,DETECTED
SWFSC_NEPAC_20241111_RODEOHACK,2026-01-29T11:13:35Z,2024-11-15T11:13:38Z,2,BBWH,PIFSC,BEAKED_ANALYSIS,OD_CLICK_FM,DETECTED
SWFSC_NEPAC_20240914_RODEOHACK,2026-01-29T11:14:27Z,2024-09-23T11:23:48Z,561,BBWH,PIFSC,BEAKED_ANALYSIS,OD_CLICK_FM,DETECTED
SWFSC_NEPAC_20241005_RODEOHACK,2026-01-29T11:37:46Z,2024-10-08T11:37:46Z,0,BBWH,PIFSC,BEAKED_ANALYSIS,OD_CLICK_FM,DETECTED
SWFSC_NEPAC_20241122_RODEOHACK,2026-01-29T11:39:41Z,2024-11-26T11:59:58Z,1217,BBWH,PIFSC,BEAKED_ANALYSIS,OD_CLICK_FM,DETECTED
SWFSC_NEPAC_20241006_RODEOHACK,2026-01-29T11:43:39Z,2024-10-07T11:44:02Z,23,BBWH,PIFSC,BEAKED_ANALYSIS,OD_CLICK_FM,DETECTED
SWFSC_NEPAC_20240913_RODEOHACK,2026-01-29T11:51:48Z,2024-09-20T12:08:34Z,1006,BBWH,PIFSC,BEAKED_ANALYSIS,OD_CLICK_FM,DETECTED
SWFSC_NEPAC_20241028_RODEOHACK,2026-01-29T12:02:36Z,2024-11-04T12:16:36Z,839,BBWH,PIFSC,BEAKED_ANALYSIS,OD_CLICK_FM,DETECTED
SWFSC_NEPAC_20240914_RODEOHACK,2026-01-29T12:19:17Z,2024-09-15T12:19:59Z,42,BBWH,PIFSC,BEAKED_ANALYSIS,OD_CLICK_FM,DETECTED
SWFSC_NEPAC_20240914_RODEOHACK,2026-01-29T12:29:34Z,2024-09-21T12:31:10Z,96,BBWH,PIFSC,BEAKED_ANALYSIS,OD_CLICK_FM,DETECTED
SWFSC_NEPAC_20240914_RODEOHACK,2026-01-29T13:11:01Z,2024-09-18T13:16:37Z,336,BBWH,PIFSC,BEAKED_ANALYSIS,OD_CLICK_FM,DETECTED
SWFSC_NEPAC_20241120_RODEOHACK,2026-01-29T13:39:59Z,2024-11-30T13:40:05Z,5,BBWH,PIFSC,BEAKED_ANALYSIS,OD_CLICK_FM,DETECTED
SWFSC_NEPAC_20241027_RODEOHACK,2026-01-29T13:45:39Z,2024-10-31T13:55:10Z,571,BBWH,PIFSC,BEAKED_ANALYSIS,OD_CLICK_FM,DETECTED
SWFSC_NEPAC_20241120_RODEOHACK,2026-01-29T14:13:19Z,2024-11-28T14:21:27Z,488,BBWH,PIFSC,BEAKED_ANALYSIS,OD_CLICK_FM,DETECTED
SWFSC_NEPAC_20241027_RODEOHACK,2026-01-29T14:26:43Z,2024-10-29T15:30:30Z,3827,BBWH,PIFSC,BEAKED_ANALYSIS,OD_CLICK_FM,DETECTED
SWFSC_NEPAC_20240914_RODEOHACK,2026-01-29T14:34:55Z,2024-09-22T14:36:30Z,95,BBWH,PIFSC,BEAKED_ANALYSIS,OD_CLICK_FM,DETECTED
SWFSC_NEPAC_20241006_RODEOHACK,2026-01-29T14:38:16Z,2024-10-11T14:38:44Z,28,BBWH,PIFSC,BEAKED_ANALYSIS,OD_CLICK_FM,DETECTED
SWFSC_NEPAC_20241028_RODEOHACK,2026-01-29T14:54:06Z,2024-11-03T14:55:28Z,82,BBWH,PIFSC,BEAKED_ANALYSIS,OD_CLICK_FM,DETECTED
SWFSC_NEPAC_20241027_RODEOHACK,2026-01-29T15:08:22Z,2024-10-28T15:17:29Z,547,BBWH,PIFSC,BEAKED_ANALYSIS,OD_CLICK_FM,DETECTED
SWFSC_NEPAC_20240817_RODEOHACK,2026-01-29T15:09:39Z,2024-08-18T15:11:22Z,103,BBWH,PIFSC,BEAKED_ANALYSIS,OD_CLICK_FM,DETECTED
SWFSC_NEPAC_20240914_RODEOHACK,2026-01-29T15:11:35Z,2024-09-20T15:12:41Z,66,BBWH,PIFSC,BEAKED_ANALYSIS,OD_CLICK_FM,DETECTED
SWFSC_NEPAC_20240914_RODEOHACK,2026-01-29T15:15:21Z,2024-09-20T15:20:05Z,284,BBWH,PIFSC,BEAKED_ANALYSIS,OD_CLICK_FM,DETECTED
SWFSC_NEPAC_20240817_RODEOHACK,2026-01-29T15:18:18Z,2024-08-18T15:18:24Z,6,BBWH,PIFSC,BEAKED_ANALYSIS,OD_CLICK_FM,DETECTED
SWFSC_NEPAC_20240817_RODEOHACK,2026-01-29T15:23:03Z,2024-08-18T15:23:08Z,5,BBWH,PIFSC,BEAKED_ANALYSIS,OD_CLICK_FM,DETECTED
SWFSC_NEPAC_20240914_RODEOHACK,2026-01-29T15:34:09Z,2024-09-14T15:39:17Z,308,BBWH,PIFSC,BEAKED_ANALYSIS,OD_CLICK_FM,DETECTED
SWFSC_NEPAC_20241027_RODEOHACK,2026-01-29T15:38:58Z,2024-11-07T16:13:34Z,2076,BBWH,PIFSC,BEAKED_ANALYSIS,OD_CLICK_FM,DETECTED
SWFSC_NEPAC_20241028_RODEOHACK,2026-01-29T15:45:09Z,2024-10-29T15:47:47Z,158,BBWH,PIFSC,BEAKED_ANALYSIS,OD_CLICK_FM,DETECTED
SWFSC_NEPAC_20241027_RODEOHACK,2026-01-29T15:55:09Z,2024-11-06T16:21:53Z,1603,BBWH,PIFSC,BEAKED_ANALYSIS,OD_CLICK_FM,DETECTED
SWFSC_NEPAC_20241026_RODEOHACK,2026-01-29T16:20:17Z,2024-11-06T16:52:13Z,1916,BBWH,PIFSC,BEAKED_ANALYSIS,OD_CLICK_FM,DETECTED
SWFSC_NEPAC_20241027_RODEOHACK,2026-01-29T16:23:40Z,2024-11-02T16:24:17Z,37,BBWH,PIFSC,BEAKED_ANALYSIS,OD_CLICK_FM,DETECTED
SWFSC_NEPAC_20240914_RODEOHACK,2026-01-29T16:30:02Z,2024-09-20T16:47:39Z,1057,BBWH,PIFSC,BEAKED_ANALYSIS,OD_CLICK_FM,DETECTED
SWFSC_NEPAC_20241111_RODEOHACK,2026-01-29T16:34:09Z,2024-11-12T16:50:51Z,1002,BBWH,PIFSC,BEAKED_ANALYSIS,OD_CLICK_FM,DETECTED
SWFSC_NEPAC_20241026_RODEOHACK,2026-01-29T16:41:00Z,2024-11-04T16:58:57Z,1077,BBWH,PIFSC,BEAKED_ANALYSIS,OD_CLICK_FM,DETECTED
SWFSC_NEPAC_20241005_RODEOHACK,2026-01-29T16:41:24Z,2024-10-10T16:57:17Z,953,BBWH,PIFSC,BEAKED_ANALYSIS,OD_CLICK_FM,DETECTED
SWFSC_NEPAC_20241026_RODEOHACK,2026-01-29T16:41:39Z,2024-11-07T16:51:26Z,587,BBWH,PIFSC,BEAKED_ANALYSIS,OD_CLICK_FM,DETECTED
SWFSC_NEPAC_20241111_RODEOHACK,2026-01-29T17:03:58Z,2024-11-14T17:10:15Z,377,BBWH,PIFSC,BEAKED_ANALYSIS,OD_CLICK_FM,DETECTED
SWFSC_NEPAC_20241027_RODEOHACK,2026-01-29T17:13:25Z,2024-11-04T17:15:13Z,108,BBWH,PIFSC,BEAKED_ANALYSIS,OD_CLICK_FM,DETECTED
SWFSC_NEPAC_20241123_RODEOHACK,2026-01-29T17:18:18Z,2024-11-26T17:18:19Z,1,BBWH,PIFSC,BEAKED_ANALYSIS,OD_CLICK_FM,DETECTED
SWFSC_NEPAC_20241027_RODEOHACK,2026-01-29T17:18:20Z,2024-11-06T17:21:57Z,217,BBWH,PIFSC,BEAKED_ANALYSIS,OD_CLICK_FM,DETECTED
SWFSC_NEPAC_20241027_RODEOHACK,2026-01-29T17:24:32Z,2024-10-29T17:32:51Z,498,BBWH,PIFSC,BEAKED_ANALYSIS,OD_CLICK_FM,DETECTED
SWFSC_NEPAC_20240913_RODEOHACK,2026-01-29T17:43:24Z,2024-09-20T17:43:31Z,6,BBWH,PIFSC,BEAKED_ANALYSIS,OD_CLICK_FM,DETECTED
SWFSC_NEPAC_20241027_RODEOHACK,2026-01-29T17:55:14Z,2024-10-27T18:09:59Z,884,BBWH,PIFSC,BEAKED_ANALYSIS,OD_CLICK_FM,DETECTED
SWFSC_NEPAC_20241027_RODEOHACK,2026-01-29T18:18:18Z,2024-11-06T18:50:49Z,1950,BBWH,PIFSC,BEAKED_ANALYSIS,OD_CLICK_FM,DETECTED
SWFSC_NEPAC_20241123_RODEOHACK,2026-01-29T18:43:21Z,2024-11-25T18:58:17Z,896,BBWH,PIFSC,BEAKED_ANALYSIS,OD_CLICK_FM,DETECTED
SWFSC_NEPAC_20241005_RODEOHACK,2026-01-29T18:53:10Z,2024-10-06T18:53:17Z,7,BBWH,PIFSC,BEAKED_ANALYSIS,OD_CLICK_FM,DETECTED
SWFSC_NEPAC_20240914_RODEOHACK,2026-01-29T19:01:58Z,2024-09-20T19:13:53Z,714,BBWH,PIFSC,BEAKED_ANALYSIS,OD_CLICK_FM,DETECTED
SWFSC_NEPAC_20240820_RODEOHACK,2026-01-29T19:18:05Z,2024-08-25T19:29:11Z,666,BBWH,PIFSC,BEAKED_ANALYSIS,OD_CLICK_FM,DETECTED
SWFSC_NEPAC_20241111_RODEOHACK,2026-01-29T19:19:06Z,2024-11-20T19:52:30Z,2005,BBWH,PIFSC,BEAKED_ANALYSIS,OD_CLICK_FM,DETECTED
SWFSC_NEPAC_20241027_RODEOHACK,2026-01-29T19:21:42Z,2024-11-08T20:01:16Z,2374,BBWH,PIFSC,BEAKED_ANALYSIS,OD_CLICK_FM,DETECTED
SWFSC_NEPAC_20241111_RODEOHACK,2026-01-29T19:21:56Z,2024-11-13T19:21:58Z,1,BBWH,PIFSC,BEAKED_ANALYSIS,OD_CLICK_FM,DETECTED
SWFSC_NEPAC_20240821_RODEOHACK,2026-01-29T19:23:15Z,2024-08-24T19:35:49Z,754,BBWH,PIFSC,BEAKED_ANALYSIS,OD_CLICK_FM,DETECTED
SWFSC_NEPAC_20241026_RODEOHACK,2026-01-29T19:37:01Z,2024-10-27T20:05:23Z,1702,BBWH,PIFSC,BEAKED_ANALYSIS,OD_CLICK_FM,DETECTED
SWFSC_NEPAC_20240914_RODEOHACK,2026-01-29T20:11:14Z,2024-09-16T20:26:52Z,938,BBWH,PIFSC,BEAKED_ANALYSIS,OD_CLICK_FM,DETECTED
SWFSC_NEPAC_20240914_RODEOHACK,2026-01-29T20:18:58Z,2024-09-16T20:29:43Z,645,BBWH,PIFSC,BEAKED_ANALYSIS,OD_CLICK_FM,DETECTED
SWFSC_NEPAC_20241027_RODEOHACK,2026-01-29T20:31:17Z,2024-11-04T21:02:12Z,1854,BBWH,PIFSC,BEAKED_ANALYSIS,OD_CLICK_FM,DETECTED
SWFSC_NEPAC_20241026_RODEOHACK,2026-01-29T20:36:48Z,2024-11-02T20:44:56Z,489,BBWH,PIFSC,BEAKED_ANALYSIS,OD_CLICK_FM,DETECTED
SWFSC_NEPAC_20241027_RODEOHACK,2026-01-29T21:18:02Z,2024-10-27T21:46:53Z,1731,BBWH,PIFSC,BEAKED_ANALYSIS,OD_CLICK_FM,DETECTED
SWFSC_NEPAC_20240821_RODEOHACK,2026-01-29T21:26:50Z,2024-08-24T21:26:58Z,8,BBWH,PIFSC,BEAKED_ANALYSIS,OD_CLICK_FM,DETECTED
SWFSC_NEPAC_20240914_RODEOHACK,2026-01-29T21:26:52Z,2024-09-16T21:39:19Z,747,BBWH,PIFSC,BEAKED_ANALYSIS,OD_CLICK_FM,DETECTED
SWFSC_NEPAC_20241123_RODEOHACK,2026-01-29T21:40:07Z,2024-11-24T22:00:42Z,1235,BBWH,PIFSC,BEAKED_ANALYSIS,OD_CLICK_FM,DETECTED
SWFSC_NEPAC_20241028_RODEOHACK,2026-01-29T21:54:45Z,2024-11-06T22:12:20Z,1055,BBWH,PIFSC,BEAKED_ANALYSIS,OD_CLICK_FM,DETECTED
SWFSC_NEPAC_20241122_RODEOHACK,2026-01-29T22:31:45Z,2024-11-28T22:38:05Z,381,BBWH,PIFSC,BEAKED_ANALYSIS,OD_CLICK_FM,DETECTED
SWFSC_NEPAC_20240914_RODEOHACK,2026-01-29T22:41:57Z,2024-09-23T23:03:20Z,1283,BBWH,PIFSC,BEAKED_ANALYSIS,OD_CLICK_FM,DETECTED
SWFSC_NEPAC_20241005_RODEOHACK,2026-01-29T23:09:35Z,2024-10-10T23:10:48Z,73,BBWH,PIFSC,BEAKED_ANALYSIS,OD_CLICK_FM,DETECTED
SWFSC_NEPAC_20241027_RODEOHACK,2026-01-29T23:15:46Z,2024-10-31T23:20:54Z,308,BBWH,PIFSC,BEAKED_ANALYSIS,OD_CLICK_FM,DETECTED
SWFSC_NEPAC_20240914_RODEOHACK,2026-01-29T23:19:13Z,2024-09-22T23:26:18Z,425,BBWH,PIFSC,BEAKED_ANALYSIS,OD_CLICK_FM,DETECTED
SWFSC_NEPAC_20240914_RODEOHACK,2026-01-29T23:37:14Z,2024-09-19T23:43:07Z,353,BBWH,PIFSC,BEAKED_ANALYSIS,OD_CLICK_FM,DETECTED
SWFSC_NEPAC_20241006_RODEOHACK,2026-01-29T23:52:56Z,2024-10-07T00:05:49Z,773,BBWH,PIFSC,BEAKED_ANALYSIS,OD_CLICK_FM,DETECTED
SWFSC_NEPAC_20241111_RODEOHACK,2026-01-29T23:58:20Z,2024-11-18T00:42:44Z,2664,BBWH,PIFSC,BEAKED_ANALYSIS,OD_CLICK_FM,DETECTED
SWFSC_NEPAC_20240823_RODEOHACK,2026-01-30T00:05:33Z,2024-08-28T00:25:23Z,1190,BBWH,PIFSC,BEAKED_ANALYSIS,OD_CLICK_FM,DETECTED
SWFSC_NEPAC_20241006_RODEOHACK,2026-01-30T00:19:11Z,2024-10-10T00:20:33Z,82,BBWH,PIFSC,BEAKED_ANALYSIS,OD_CLICK_FM,DETECTED
SWFSC_NEPAC_20241111_RODEOHACK,2026-01-30T00:19:58Z,2024-11-17T00:38:11Z,1093,BBWH,PIFSC,BEAKED_ANALYSIS,OD_CLICK_FM,DETECTED
SWFSC_NEPAC_20241005_RODEOHACK,2026-01-30T00:42:00Z,2024-10-10T01:01:31Z,1172,BBWH,PIFSC,BEAKED_ANALYSIS,OD_CLICK_FM,DETECTED
SWFSC_NEPAC_20241027_RODEOHACK,2026-01-30T00:46:39Z,2024-11-05T00:48:41Z,121,BBWH,PIFSC,BEAKED_ANALYSIS,OD_CLICK_FM,DETECTED
SWFSC_NEPAC_20240821_RODEOHACK,2026-01-30T00:47:58Z,2024-08-27T00:48:01Z,3,BBWH,PIFSC,BEAKED_ANALYSIS,OD_CLICK_FM,DETECTED
SWFSC_NEPAC_20240914_RODEOHACK,2026-01-30T00:52:21Z,2024-09-17T01:02:31Z,610,BBWH,PIFSC,BEAKED_ANALYSIS,OD_CLICK_FM,DETECTED
SWFSC_NEPAC_20241028_RODEOHACK,2026-01-30T01:23:02Z,2024-11-04T01:29:03Z,361,BBWH,PIFSC,BEAKED_ANALYSIS,OD_CLICK_FM,DETECTED
SWFSC_NEPAC_20241006_RODEOHACK,2026-01-30T01:26:55Z,2024-10-13T01:37:07Z,612,BBWH,PIFSC,BEAKED_ANALYSIS,OD_CLICK_FM,DETECTED
SWFSC_NEPAC_20241027_RODEOHACK,2026-01-30T01:38:28Z,2024-11-07T01:45:39Z,431,BBWH,PIFSC,BEAKED_ANALYSIS,OD_CLICK_FM,DETECTED
SWFSC_NEPAC_20240914_RODEOHACK,2026-01-30T01:43:44Z,2024-09-20T01:44:46Z,62,BBWH,PIFSC,BEAKED_ANALYSIS,OD_CLICK_FM,DETECTED
SWFSC_NEPAC_20240913_RODEOHACK,2026-01-30T01:55:29Z,2024-09-20T02:12:08Z,1000,BBWH,PIFSC,BEAKED_ANALYSIS,OD_CLICK_FM,DETECTED
SWFSC_NEPAC_20240913_RODEOHACK,2026-01-30T02:04:12Z,2024-09-15T02:20:54Z,1002,BBWH,PIFSC,BEAKED_ANALYSIS,OD_CLICK_FM,DETECTED
SWFSC_NEPAC_20241027_RODEOHACK,2026-01-30T02:04:59Z,2024-10-29T02:19:52Z,893,BBWH,PIFSC,BEAKED_ANALYSIS,OD_CLICK_FM,DETECTED
SWFSC_NEPAC_20241006_RODEOHACK,2026-01-30T02:06:41Z,2024-10-07T02:45:46Z,2345,BBWH,PIFSC,BEAKED_ANALYSIS,OD_CLICK_FM,DETECTED
SWFSC_NEPAC_20241026_RODEOHACK,2026-01-30T02:15:18Z,2024-11-07T02:49:25Z,2048,BBWH,PIFSC,BEAKED_ANALYSIS,OD_CLICK_FM,DETECTED
SWFSC_NEPAC_20241027_RODEOHACK,2026-01-30T02:17:54Z,2024-11-04T02:50:50Z,1977,BBWH,PIFSC,BEAKED_ANALYSIS,OD_CLICK_FM,DETECTED
SWFSC_NEPAC_20240914_RODEOHACK,2026-01-30T02:19:05Z,2024-09-20T02:59:25Z,2420,BBWH,PIFSC,BEAKED_ANALYSIS,OD_CLICK_FM,DETECTED
SWFSC_NEPAC_20241111_RODEOHACK,2026-01-30T02:28:32Z,2024-11-13T02:28:49Z,17,BBWH,PIFSC,BEAKED_ANALYSIS,OD_CLICK_FM,DETECTED
SWFSC_NEPAC_20241006_RODEOHACK,2026-01-30T02:37:12Z,2024-10-12T02:51:37Z,866,BBWH,PIFSC,BEAKED_ANALYSIS,OD_CLICK_FM,DETECTED
SWFSC_NEPAC_20241005_RODEOHACK,2026-01-30T02:42:13Z,2024-10-09T02:48:41Z,388,BBWH,PIFSC,BEAKED_ANALYSIS,OD_CLICK_FM,DETECTED
SWFSC_NEPAC_20240914_RODEOHACK,2026-01-30T02:51:39Z,2024-09-15T02:51:42Z,3,BBWH,PIFSC,BEAKED_ANALYSIS,OD_CLICK_FM,DETECTED
SWFSC_NEPAC_20241026_RODEOHACK,2026-01-30T02:59:16Z,2024-11-07T03:00:04Z,48,BBWH,PIFSC,BEAKED_ANALYSIS,OD_CLICK_FM,DETECTED
SWFSC_NEPAC_20241123_RODEOHACK,2026-01-30T03:11:19Z,2024-12-01T03:27:24Z,965,BBWH,PIFSC,BEAKED_ANALYSIS,OD_CLICK_FM,DETECTED
SWFSC_NEPAC_20241026_RODEOHACK,2026-01-30T03:27:27Z,2024-11-08T03:27:51Z,23,BBWH,PIFSC,BEAKED_ANALYSIS,OD_CLICK_FM,DETECTED
SWFSC_NEPAC_20240914_RODEOHACK,2026-01-30T03:32:39Z,2024-09-15T03:55:59Z,1401,BBWH,PIFSC,BEAKED_ANALYSIS,OD_CLICK_FM,DETECTED
SWFSC_NEPAC_20241111_RODEOHACK,2026-01-30T03:42:58Z,2024-11-18T04:05:25Z,1347,BBWH,PIFSC,BEAKED_ANALYSIS,OD_CLICK_FM,DETECTED
SWFSC_NEPAC_20241006_RODEOHACK,2026-01-30T03:44:36Z,2024-10-10T04:06:24Z,1308,BBWH,PIFSC,BEAKED_ANALYSIS,OD_CLICK_FM,DETECTED
SWFSC_NEPAC_20240914_RODEOHACK,2026-01-30T04:15:40Z,2024-09-16T04:29:19Z,819,BBWH,PIFSC,BEAKED_ANALYSIS,OD_CLICK_FM,DETECTED
SWFSC_NEPAC_20241026_RODEOHACK,2026-01-30T04:47:09Z,2024-11-04T04:48:53Z,103,BBWH,PIFSC,BEAKED_ANALYSIS,OD_CLICK_FM,DETECTED
SWFSC_NEPAC_20241027_RODEOHACK,2026-01-30T04:52:29Z,2024-11-03T05:02:00Z,571,BBWH,PIFSC,BEAKED_ANALYSIS,OD_CLICK_FM,DETECTED
SWFSC_NEPAC_20240913_RODEOHACK,2026-01-30T04:56:02Z,2024-09-20T05:10:10Z,848,BBWH,PIFSC,BEAKED_ANALYSIS,OD_CLICK_FM,DETECTED
SWFSC_NEPAC_20240914_RODEOHACK,2026-01-30T04:59:25Z,2024-09-17T05:16:07Z,1002,BBWH,PIFSC,BEAKED_ANALYSIS,OD_CLICK_FM,DETECTED
SWFSC_NEPAC_20241006_RODEOHACK,2026-01-30T05:02:16Z,2024-10-10T05:15:40Z,803,BBWH,PIFSC,BEAKED_ANALYSIS,OD_CLICK_FM,DETECTED
SWFSC_NEPAC_20241111_RODEOHACK,2026-01-30T05:12:53Z,2024-11-11T05:13:00Z,7,BBWH,PIFSC,BEAKED_ANALYSIS,OD_CLICK_FM,DETECTED
SWFSC_NEPAC_20241027_RODEOHACK,2026-01-30T05:13:05Z,2024-10-27T06:10:55Z,3470,BBWH,PIFSC,BEAKED_ANALYSIS,OD_CLICK_FM,DETECTED
SWFSC_NEPAC_20241027_RODEOHACK,2026-01-30T05:19:08Z,2024-11-02T05:23:11Z,243,BBWH,PIFSC,BEAKED_ANALYSIS,OD_CLICK_FM,DETECTED
SWFSC_NEPAC_20241006_RODEOHACK,2026-01-30T05:40:34Z,2024-10-10T06:20:38Z,2404,BBWH,PIFSC,BEAKED_ANALYSIS,OD_CLICK_FM,DETECTED
SWFSC_NEPAC_20240913_RODEOHACK,2026-01-30T06:03:09Z,2024-09-18T06:03:22Z,13,BBWH,PIFSC,BEAKED_ANALYSIS,OD_CLICK_FM,DETECTED
SWFSC_NEPAC_20240913_RODEOHACK,2026-01-30T06:36:47Z,2024-09-20T06:42:56Z,369,BBWH,PIFSC,BEAKED_ANALYSIS,OD_CLICK_FM,DETECTED
SWFSC_NEPAC_20241006_RODEOHACK,2026-01-30T06:47:52Z,2024-10-09T07:00:07Z,735,BBWH,PIFSC,BEAKED_ANALYSIS,OD_CLICK_FM,DETECTED
SWFSC_NEPAC_20241028_RODEOHACK,2026-01-30T06:54:24Z,2024-11-09T07:20:51Z,1587,BBWH,PIFSC,BEAKED_ANALYSIS,OD_CLICK_FM,DETECTED
SWFSC_NEPAC_20240914_RODEOHACK,2026-01-30T06:58:09Z,2024-09-15T07:02:52Z,284,BBWH,PIFSC,BEAKED_ANALYSIS,OD_CLICK_FM,DETECTED
SWFSC_NEPAC_20241120_RODEOHACK,2026-01-30T07:22:39Z,2024-11-28T07:26:53Z,255,BBWH,PIFSC,BEAKED_ANALYSIS,OD_CLICK_FM,DETECTED
SWFSC_NEPAC_20240914_RODEOHACK,2026-01-30T07:30:34Z,2024-09-20T07:52:46Z,1331,BBWH,PIFSC,BEAKED_ANALYSIS,OD_CLICK_FM,DETECTED
SWFSC_NEPAC_20240914_RODEOHACK,2026-01-30T07:38:34Z,2024-09-19T08:08:52Z,1819,BBWH,PIFSC,BEAKED_ANALYSIS,OD_CLICK_FM,DETECTED
SWFSC_NEPAC_20241123_RODEOHACK,2026-01-30T07:42:21Z,2024-12-02T07:46:29Z,248,BBWH,PIFSC,BEAKED_ANALYSIS,OD_CLICK_FM,DETECTED
SWFSC_NEPAC_20241028_RODEOHACK,2026-01-30T07:45:17Z,2024-11-06T08:13:18Z,1681,BBWH,PIFSC,BEAKED_ANALYSIS,OD_CLICK_FM,DETECTED
SWFSC_NEPAC_20240914_RODEOHACK,2026-01-30T07:58:04Z,2024-09-18T08:08:32Z,628,BBWH,PIFSC,BEAKED_ANALYSIS,OD_CLICK_FM,DETECTED
SWFSC_NEPAC_20241027_RODEOHACK,2026-01-30T08:00:11Z,2024-11-03T08:14:53Z,881,BBWH,PIFSC,BEAKED_ANALYSIS,OD_CLICK_FM,DETECTED
SWFSC_NEPAC_20241027_RODEOHACK,2026-01-30T08:00:55Z,2024-11-06T08:14:31Z,816,BBWH,PIFSC,BEAKED_ANALYSIS,OD_CLICK_FM,DETECTED
SWFSC_NEPAC_20241123_RODEOHACK,2026-01-30T08:03:38Z,2024-12-02T08:16:20Z,762,BBWH,PIFSC,BEAKED_ANALYSIS,OD_CLICK_FM,DETECTED
SWFSC_NEPAC_20241027_RODEOHACK,2026-01-30T08:13:20Z,2024-10-30T08:33:47Z,1227,BBWH,PIFSC,BEAKED_ANALYSIS,OD_CLICK_FM,DETECTED
SWFSC_NEPAC_20241028_RODEOHACK,2026-01-30T08:16:13Z,2024-11-02T08:38:56Z,1363,BBWH,PIFSC,BEAKED_ANALYSIS,OD_CLICK_FM,DETECTED
SWFSC_NEPAC_20240914_RODEOHACK,2026-01-30T08:17:33Z,2024-09-22T08:27:15Z,582,BBWH,PIFSC,BEAKED_ANALYSIS,OD_CLICK_FM,DETECTED
SWFSC_NEPAC_20240914_RODEOHACK,2026-01-30T08:29:52Z,2024-09-20T08:35:26Z,334,BBWH,PIFSC,BEAKED_ANALYSIS,OD_CLICK_FM,DETECTED
SWFSC_NEPAC_20240914_RODEOHACK,2026-01-30T08:33:39Z,2024-09-23T08:34:02Z,23,BBWH,PIFSC,BEAKED_ANALYSIS,OD_CLICK_FM,DETECTED
SWFSC_NEPAC_20241027_RODEOHACK,2026-01-30T08:56:46Z,2024-11-02T09:00:00Z,194,BBWH,PIFSC,BEAKED_ANALYSIS,OD_CLICK_FM,DETECTED
SWFSC_NEPAC_20241026_RODEOHACK,2026-01-30T08:59:40Z,2024-10-29T09:29:03Z,1763,BBWH,PIFSC,BEAKED_ANALYSIS,OD_CLICK_FM,DETECTED
SWFSC_NEPAC_20240913_RODEOHACK,2026-01-30T09:04:09Z,2024-09-18T09:19:34Z,924,BBWH,PIFSC,BEAKED_ANALYSIS,OD_CLICK_FM,DETECTED
SWFSC_NEPAC_20241006_RODEOHACK,2026-01-30T09:12:58Z,2024-10-09T09:13:02Z,3,BBWH,PIFSC,BEAKED_ANALYSIS,OD_CLICK_FM,DETECTED
SWFSC_NEPAC_20240913_RODEOHACK,2026-01-30T09:27:01Z,2024-09-19T09:39:06Z,725,BBWH,PIFSC,BEAKED_ANALYSIS,OD_CLICK_FM,DETECTED
SWFSC_NEPAC_20241027_RODEOHACK,2026-01-30T09:29:00Z,2024-11-01T09:50:17Z,1277,BBWH,PIFSC,BEAKED_ANALYSIS,OD_CLICK_FM,DETECTED
SWFSC_NEPAC_20240914_RODEOHACK,2026-01-30T09:30:53Z,2024-09-20T09:38:09Z,436,BBWH,PIFSC,BEAKED_ANALYSIS,OD_CLICK_FM,DETECTED
SWFSC_NEPAC_20240913_RODEOHACK,2026-01-30T09:44:18Z,2024-09-17T10:02:25Z,1087,BBWH,PIFSC,BEAKED_ANALYSIS,OD_CLICK_FM,DETECTED
SWFSC_NEPAC_20241026_RODEOHACK,2026-01-30T09:55:16Z,2024-11-08T10:04:59Z,583,BBWH,PIFSC,BEAKED_ANALYSIS,OD_CLICK_FM,DETECTED
SWFSC_NEPAC_20240820_RODEOHACK,2026-01-30T10:02:05Z,2024-08-22T10:07:52Z,347,BBWH,PIFSC,BEAKED_ANALYSIS,OD_CLICK_FM,DETECTED
SWFSC_NEPAC_20240914_RODEOHACK,2026-01-30T10:17:24Z,2024-09-19T10:36:55Z,1171,BBWH,PIFSC,BEAKED_ANALYSIS,OD_CLICK_FM,DETECTED
SWFSC_NEPAC_20241028_RODEOHACK,2026-01-30T10:44:49Z,2024-11-09T11:03:27Z,1119,BBWH,PIFSC,BEAKED_ANALYSIS,OD_CLICK_FM,DETECTED
SWFSC_NEPAC_20240820_RODEOHACK,2026-01-30T10:59:49Z,2024-08-22T10:59:50Z,1,BBWH,PIFSC,BEAKED_ANALYSIS,OD_CLICK_FM,DETECTED
SWFSC_NEPAC_20241026_RODEOHACK,2026-01-30T11:07:18Z,2024-11-06T11:08:41Z,83,BBWH,PIFSC,BEAKED_ANALYSIS,OD_CLICK_FM,DETECTED
SWFSC_NEPAC_20241123_RODEOHACK,2026-01-30T11:09:41Z,2024-11-24T11:09:47Z,6,BBWH,PIFSC,BEAKED_ANALYSIS,OD_CLICK_FM,DETECTED
SWFSC_NEPAC_20241027_RODEOHACK,2026-01-30T11:12:16Z,2024-10-27T11:50:14Z,2278,BBWH,PIFSC,BEAKED_ANALYSIS,OD_CLICK_FM,DETECTED
SWFSC_NEPAC_20241027_RODEOHACK,2026-01-30T11:26:24Z,2024-10-29T11:29:09Z,165,BBWH,PIFSC,BEAKED_ANALYSIS,OD_CLICK_FM,DETECTED
SWFSC_NEPAC_20241006_RODEOHACK,2026-01-30T11:32:06Z,2024-10-10T11:37:49Z,343,BBWH,PIFSC,BEAKED_ANALYSIS,OD_CLICK_FM,DETECTED
SWFSC_NEPAC_20241027_RODEOHACK,2026-01-30T12:00:50Z,2024-11-04T12:26:09Z,1518,BBWH,PIFSC,BEAKED_ANALYSIS,OD_CLICK_FM,DETECTED
SWFSC_NEPAC_20241122_RODEOHACK,2026-01-30T12:18:30Z,2024-11-26T12:21:31Z,181,BBWH,PIFSC,BEAKED_ANALYSIS,OD_CLICK_FM,DETECTED
SWFSC_NEPAC_20241027_RODEOHACK,2026-01-30T12:19:16Z,2024-11-06T12:22:17Z,181,BBWH,PIFSC,BEAKED_ANALYSIS,OD_CLICK_FM,DETECTED
SWFSC_NEPAC_20241006_RODEOHACK,2026-01-30T12:19:36Z,2024-10-12T12:28:58Z,563,BBWH,PIFSC,BEAKED_ANALYSIS,OD_CLICK_FM,DETECTED
SWFSC_NEPAC_20241027_RODEOHACK,2026-01-30T12:22:48Z,2024-11-04T12:22:53Z,5,BBWH,PIFSC,BEAKED_ANALYSIS,OD_CLICK_FM,DETECTED
SWFSC_NEPAC_20241009_RODEOHACK,2026-01-30T12:51:24Z,2024-10-15T13:00:42Z,558,BBWH,PIFSC,BEAKED_ANALYSIS,OD_CLICK_FM,DETECTED
SWFSC_NEPAC_20241006_RODEOHACK,2026-01-30T12:51:46Z,2024-10-10T13:20:38Z,1732,BBWH,PIFSC,BEAKED_ANALYSIS,OD_CLICK_FM,DETECTED
SWFSC_NEPAC_20240914_RODEOHACK,2026-01-30T13:21:47Z,2024-09-23T13:23:12Z,85,BBWH,PIFSC,BEAKED_ANALYSIS,OD_CLICK_FM,DETECTED
SWFSC_NEPAC_20240823_RODEOHACK,2026-01-30T13:39:45Z,2024-08-27T13:46:08Z,383,BBWH,PIFSC,BEAKED_ANALYSIS,OD_CLICK_FM,DETECTED
SWFSC_NEPAC_20241111_RODEOHACK,2026-01-30T13:45:23Z,2024-11-15T14:06:46Z,1283,BBWH,PIFSC,BEAKED_ANALYSIS,OD_CLICK_FM,DETECTED
SWFSC_NEPAC_20240914_RODEOHACK,2026-01-30T13:47:49Z,2024-09-22T14:03:13Z,924,BBWH,PIFSC,BEAKED_ANALYSIS,OD_CLICK_FM,DETECTED
SWFSC_NEPAC_20241123_RODEOHACK,2026-01-30T14:02:41Z,2024-11-25T14:10:54Z,493,BBWH,PIFSC,BEAKED_ANALYSIS,OD_CLICK_FM,DETECTED
SWFSC_NEPAC_20240914_RODEOHACK,2026-01-30T14:14:29Z,2024-09-20T14:17:39Z,189,BBWH,PIFSC,BEAKED_ANALYSIS,OD_CLICK_FM,DETECTED
SWFSC_NEPAC_20241006_RODEOHACK,2026-01-30T14:57:00Z,2024-10-07T15:08:46Z,706,BBWH,PIFSC,BEAKED_ANALYSIS,OD_CLICK_FM,DETECTED
SWFSC_NEPAC_20240914_RODEOHACK,2026-01-30T15:11:46Z,2024-09-17T15:17:30Z,344,BBWH,PIFSC,BEAKED_ANALYSIS,OD_CLICK_FM,DETECTED
SWFSC_NEPAC_20241006_RODEOHACK,2026-01-30T15:12:21Z,2024-10-07T15:37:13Z,1492,BBWH,PIFSC,BEAKED_ANALYSIS,OD_CLICK_FM,DETECTED
SWFSC_NEPAC_20240914_RODEOHACK,2026-01-30T15:13:27Z,2024-09-23T15:33:40Z,1212,BBWH,PIFSC,BEAKED_ANALYSIS,OD_CLICK_FM,DETECTED
SWFSC_NEPAC_20240823_RODEOHACK,2026-01-30T15:32:33Z,2024-08-23T15:41:01Z,508,BBWH,PIFSC,BEAKED_ANALYSIS,OD_CLICK_FM,DETECTED
SWFSC_NEPAC_20240914_RODEOHACK,2026-01-30T15:36:41Z,2024-09-15T15:47:23Z,642,BBWH,PIFSC,BEAKED_ANALYSIS,OD_CLICK_FM,DETECTED
SWFSC_NEPAC_20241026_RODEOHACK,2026-01-30T15:50:43Z,2024-11-03T15:50:45Z,2,BBWH,PIFSC,BEAKED_ANALYSIS,OD_CLICK_FM,DETECTED
SWFSC_NEPAC_20241006_RODEOHACK,2026-01-30T15:50:46Z,2024-10-11T16:06:15Z,929,BBWH,PIFSC,BEAKED_ANALYSIS,OD_CLICK_FM,DETECTED
SWFSC_NEPAC_20240914_RODEOHACK,2026-01-30T15:57:40Z,2024-09-23T16:10:08Z,748,BBWH,PIFSC,BEAKED_ANALYSIS,OD_CLICK_FM,DETECTED
SWFSC_NEPAC_20240914_RODEOHACK,2026-01-30T16:06:49Z,2024-09-17T16:21:21Z,872,BBWH,PIFSC,BEAKED_ANALYSIS,OD_CLICK_FM,DETECTED
SWFSC_NEPAC_20241027_RODEOHACK,2026-01-30T16:23:39Z,2024-11-08T17:04:33Z,2454,BBWH,PIFSC,BEAKED_ANALYSIS,OD_CLICK_FM,DETECTED
SWFSC_NEPAC_20241005_RODEOHACK,2026-01-30T16:34:32Z,2024-10-07T16:41:25Z,414,BBWH,PIFSC,BEAKED_ANALYSIS,OD_CLICK_FM,DETECTED
SWFSC_NEPAC_20240913_RODEOHACK,2026-01-30T16:36:47Z,2024-09-16T16:59:04Z,1336,BBWH,PIFSC,BEAKED_ANALYSIS,OD_CLICK_FM,DETECTED
SWFSC_NEPAC_20241123_RODEOHACK,2026-01-30T16:46:53Z,2024-11-26T16:52:13Z,320,BBWH,PIFSC,BEAKED_ANALYSIS,OD_CLICK_FM,DETECTED
SWFSC_NEPAC_20240914_RODEOHACK,2026-01-30T16:47:16Z,2024-09-21T16:52:11Z,294,BBWH,PIFSC,BEAKED_ANALYSIS,OD_CLICK_FM,DETECTED
SWFSC_NEPAC_20241006_RODEOHACK,2026-01-30T16:55:23Z,2024-10-08T16:58:36Z,194,BBWH,PIFSC,BEAKED_ANALYSIS,OD_CLICK_FM,DETECTED
SWFSC_NEPAC_20241027_RODEOHACK,2026-01-30T16:57:39Z,2024-11-01T17:18:06Z,1227,BBWH,PIFSC,BEAKED_ANALYSIS,OD_CLICK_FM,DETECTED
SWFSC_NEPAC_20241026_RODEOHACK,2026-01-30T17:19:20Z,2024-10-29T17:47:27Z,1687,BBWH,PIFSC,BEAKED_ANALYSIS,OD_CLICK_FM,DETECTED
SWFSC_NEPAC_20241122_RODEOHACK,2026-01-30T17:22:09Z,2024-12-01T18:06:47Z,2678,BBWH,PIFSC,BEAKED_ANALYSIS,OD_CLICK_FM,DETECTED
SWFSC_NEPAC_20240914_RODEOHACK,2026-01-30T17:22:39Z,2024-09-22T17:34:11Z,691,BBWH,PIFSC,BEAKED_ANALYSIS,OD_CLICK_FM,DETECTED
SWFSC_NEPAC_20241123_RODEOHACK,2026-01-30T17:23:53Z,2024-11-28T18:05:34Z,2501,BBWH,PIFSC,BEAKED_ANALYSIS,OD_CLICK_FM,DETECTED
SWFSC_NEPAC_20241006_RODEOHACK,2026-01-30T17:34:54Z,2024-10-09T18:10:47Z,2153,BBWH,PIFSC,BEAKED_ANALYSIS,OD_CLICK_FM,DETECTED
SWFSC_NEPAC_20241120_RODEOHACK,2026-01-30T17:43:10Z,2024-11-24T18:26:33Z,2603,BBWH,PIFSC,BEAKED_ANALYSIS,OD_CLICK_FM,DETECTED
SWFSC_NEPAC_20241123_RODEOHACK,2026-01-30T17:44:53Z,2024-11-24T17:47:54Z,181,BBWH,PIFSC,BEAKED_ANALYSIS,OD_CLICK_FM,DETECTED
SWFSC_NEPAC_20241111_RODEOHACK,2026-01-30T17:46:02Z,2024-11-15T18:06:46Z,1243,BBWH,PIFSC,BEAKED_ANALYSIS,OD_CLICK_FM,DETECTED
SWFSC_NEPAC_20241027_RODEOHACK,2026-01-30T17:48:13Z,2024-11-05T18:02:26Z,853,BBWH,PIFSC,BEAKED_ANALYSIS,OD_CLICK_FM,DETECTED
SWFSC_NEPAC_20241027_RODEOHACK,2026-01-30T18:07:27Z,2024-11-02T18:07:40Z,13,BBWH,PIFSC,BEAKED_ANALYSIS,OD_CLICK_FM,DETECTED
SWFSC_NEPAC_20241122_RODEOHACK,2026-01-30T18:09:21Z,2024-11-30T18:45:34Z,2173,BBWH,PIFSC,BEAKED_ANALYSIS,OD_CLICK_FM,DETECTED
SWFSC_NEPAC_20241027_RODEOHACK,2026-01-30T18:28:18Z,2024-10-29T18:59:01Z,1843,BBWH,PIFSC,BEAKED_ANALYSIS,OD_CLICK_FM,DETECTED
SWFSC_NEPAC_20241111_RODEOHACK,2026-01-30T18:28:46Z,2024-11-21T18:41:57Z,791,BBWH,PIFSC,BEAKED_ANALYSIS,OD_CLICK_FM,DETECTED
SWFSC_NEPAC_20241028_RODEOHACK,2026-01-30T18:36:30Z,2024-10-29T19:12:43Z,2173,BBWH,PIFSC,BEAKED_ANALYSIS,OD_CLICK_FM,DETECTED
SWFSC_NEPAC_20241122_RODEOHACK,2026-01-30T18:54:15Z,2024-12-02T19:18:39Z,1464,BBWH,PIFSC,BEAKED_ANALYSIS,OD_CLICK_FM,DETECTED
SWFSC_NEPAC_20241027_RODEOHACK,2026-01-30T19:01:05Z,2024-11-02T19:01:08Z,3,BBWH,PIFSC,BEAKED_ANALYSIS,OD_CLICK_FM,DETECTED
SWFSC_NEPAC_20241027_RODEOHACK,2026-01-30T19:01:18Z,2024-10-28T19:38:27Z,2229,BBWH,PIFSC,BEAKED_ANALYSIS,OD_CLICK_FM,DETECTED
SWFSC_NEPAC_20241123_RODEOHACK,2026-01-30T19:13:10Z,2024-11-30T19:26:52Z,822,BBWH,PIFSC,BEAKED_ANALYSIS,OD_CLICK_FM,DETECTED
SWFSC_NEPAC_20241027_RODEOHACK,2026-01-30T19:21:41Z,2024-11-04T20:05:53Z,2652,BBWH,PIFSC,BEAKED_ANALYSIS,OD_CLICK_FM,DETECTED
SWFSC_NEPAC_20240913_RODEOHACK,2026-01-30T19:24:45Z,2024-09-16T19:38:32Z,826,BBWH,PIFSC,BEAKED_ANALYSIS,OD_CLICK_FM,DETECTED
SWFSC_NEPAC_20241026_RODEOHACK,2026-01-30T19:26:19Z,2024-11-02T19:33:14Z,415,BBWH,PIFSC,BEAKED_ANALYSIS,OD_CLICK_FM,DETECTED
SWFSC_NEPAC_20241028_RODEOHACK,2026-01-30T19:56:34Z,2024-11-10T20:31:07Z,2073,BBWH,PIFSC,BEAKED_ANALYSIS,OD_CLICK_FM,DETECTED
SWFSC_NEPAC_20241028_RODEOHACK,2026-01-30T20:03:04Z,2024-10-28T20:03:08Z,5,BBWH,PIFSC,BEAKED_ANALYSIS,OD_CLICK_FM,DETECTED
SWFSC_NEPAC_20240914_RODEOHACK,2026-01-30T20:11:34Z,2024-09-18T20:27:25Z,951,BBWH,PIFSC,BEAKED_ANALYSIS,OD_CLICK_FM,DETECTED
SWFSC_NEPAC_20240913_RODEOHACK,2026-01-30T20:18:20Z,2024-09-17T20:32:58Z,878,BBWH,PIFSC,BEAKED_ANALYSIS,OD_CLICK_FM,DETECTED
SWFSC_NEPAC_20241027_RODEOHACK,2026-01-30T20:23:32Z,2024-10-30T20:53:09Z,1777,BBWH,PIFSC,BEAKED_ANALYSIS,OD_CLICK_FM,DETECTED
SWFSC_NEPAC_20241111_RODEOHACK,2026-01-30T20:25:09Z,2024-11-15T20:25:12Z,3,BBWH,PIFSC,BEAKED_ANALYSIS,OD_CLICK_FM,DETECTED
SWFSC_NEPAC_20241111_RODEOHACK,2026-01-30T20:27:13Z,2024-11-13T20:46:28Z,1155,BBWH,PIFSC,BEAKED_ANALYSIS,OD_CLICK_FM,DETECTED
SWFSC_NEPAC_20241027_RODEOHACK,2026-01-30T20:29:28Z,2024-11-03T20:58:50Z,1763,BBWH,PIFSC,BEAKED_ANALYSIS,OD_CLICK_FM,DETECTED
SWFSC_NEPAC_20240914_RODEOHACK,2026-01-30T20:31:46Z,2024-09-23T20:31:57Z,11,BBWH,PIFSC,BEAKED_ANALYSIS,OD_CLICK_FM,DETECTED
SWFSC_NEPAC_20241006_RODEOHACK,2026-01-30T20:34:30Z,2024-10-08T20:34:37Z,7,BBWH,PIFSC,BEAKED_ANALYSIS,OD_CLICK_FM,DETECTED
SWFSC_NEPAC_20241027_RODEOHACK,2026-01-30T20:47:34Z,2024-11-08T21:10:25Z,1371,BBWH,PIFSC,BEAKED_ANALYSIS,OD_CLICK_FM,DETECTED
SWFSC_NEPAC_20241026_RODEOHACK,2026-01-30T20:52:20Z,2024-11-04T21:10:51Z,1110,BBWH,PIFSC,BEAKED_ANALYSIS,OD_CLICK_FM,DETECTED
SWFSC_NEPAC_20240914_RODEOHACK,2026-01-30T20:59:49Z,2024-09-18T21:25:07Z,1517,BBWH,PIFSC,BEAKED_ANALYSIS,OD_CLICK_FM,DETECTED
SWFSC_NEPAC_20241027_RODEOHACK,2026-01-30T21:12:16Z,2024-11-03T21:18:04Z,348,BBWH,PIFSC,BEAKED_ANALYSIS,OD_CLICK_FM,DETECTED
SWFSC_NEPAC_20241122_RODEOHACK,2026-01-30T21:13:11Z,2024-11-29T21:31:55Z,1124,BBWH,PIFSC,BEAKED_ANALYSIS,OD_CLICK_FM,DETECTED
SWFSC_NEPAC_20241123_RODEOHACK,2026-01-30T21:25:17Z,2024-11-27T21:25:20Z,3,BBWH,PIFSC,BEAKED_ANALYSIS,OD_CLICK_FM,DETECTED
SWFSC_NEPAC_20240914_RODEOHACK,2026-01-30T21:32:09Z,2024-09-16T21:53:31Z,1282,BBWH,PIFSC,BEAKED_ANALYSIS,OD_CLICK_FM,DETECTED
SWFSC_NEPAC_20241027_RODEOHACK,2026-01-30T21:42:54Z,2024-11-02T22:25:32Z,2558,BBWH,PIFSC,BEAKED_ANALYSIS,OD_CLICK_FM,DETECTED
SWFSC_NEPAC_20241006_RODEOHACK,2026-01-30T21:43:06Z,2024-10-07T22:11:00Z,1674,BBWH,PIFSC,BEAKED_ANALYSIS,OD_CLICK_FM,DETECTED
SWFSC_NEPAC_20240914_RODEOHACK,2026-01-30T22:00:11Z,2024-09-21T22:00:13Z,2,BBWH,PIFSC,BEAKED_ANALYSIS,OD_CLICK_FM,DETECTED
SWFSC_NEPAC_20241027_RODEOHACK,2026-01-30T22:10:31Z,2024-10-28T22:44:06Z,2015,BBWH,PIFSC,BEAKED_ANALYSIS,OD_CLICK_FM,DETECTED
SWFSC_NEPAC_20241026_RODEOHACK,2026-01-30T22:13:11Z,2024-11-07T22:21:57Z,526,BBWH,PIFSC,BEAKED_ANALYSIS,OD_CLICK_FM,DETECTED
SWFSC_NEPAC_20241028_RODEOHACK,2026-01-30T22:25:12Z,2024-10-31T22:41:43Z,991,BBWH,PIFSC,BEAKED_ANALYSIS,OD_CLICK_FM,DETECTED
SWFSC_NEPAC_20240914_RODEOHACK,2026-01-30T22:26:29Z,2024-09-14T22:31:40Z,310,BBWH,PIFSC,BEAKED_ANALYSIS,OD_CLICK_FM,DETECTED
SWFSC_NEPAC_20241027_RODEOHACK,2026-01-30T22:31:30Z,2024-11-01T23:06:03Z,2073,BBWH,PIFSC,BEAKED_ANALYSIS,OD_CLICK_FM,DETECTED
SWFSC_NEPAC_20240914_RODEOHACK,2026-01-30T22:39:18Z,2024-09-18T22:49:11Z,593,BBWH,PIFSC,BEAKED_ANALYSIS,OD_CLICK_FM,DETECTED
SWFSC_NEPAC_20240913_RODEOHACK,2026-01-30T22:50:50Z,2024-09-18T23:22:04Z,1874,BBWH,PIFSC,BEAKED_ANALYSIS,OD_CLICK_FM,DETECTED
SWFSC_NEPAC_20241027_RODEOHACK,2026-01-30T22:55:37Z,2024-10-30T00:04:45Z,4148,BBWH,PIFSC,BEAKED_ANALYSIS,OD_CLICK_FM,DETECTED
SWFSC_NEPAC_20241026_RODEOHACK,2026-01-30T23:02:46Z,2024-11-03T23:02:53Z,7,BBWH,PIFSC,BEAKED_ANALYSIS,OD_CLICK_FM,DETECTED
SWFSC_NEPAC_20241123_RODEOHACK,2026-01-30T23:11:12Z,2024-12-01T01:15:40Z,7468,BBWH,PIFSC,BEAKED_ANALYSIS,OD_CLICK_FM,DETECTED
SWFSC_NEPAC_20241027_RODEOHACK,2026-01-30T23:15:19Z,2024-11-07T23:47:55Z,1957,BBWH,PIFSC,BEAKED_ANALYSIS,OD_CLICK_FM,DETECTED
SWFSC_NEPAC_20240914_RODEOHACK,2026-01-30T23:21:30Z,2024-09-18T23:27:28Z,358,BBWH,PIFSC,BEAKED_ANALYSIS,OD_CLICK_FM,DETECTED
SWFSC_NEPAC_20241027_RODEOHACK,2026-01-30T23:38:21Z,2024-11-03T00:00:11Z,1310,BBWH,PIFSC,BEAKED_ANALYSIS,OD_CLICK_FM,DETECTED
SWFSC_NEPAC_20240914_RODEOHACK,2026-01-30T23:43:24Z,2024-09-22T23:52:40Z,556,BBWH,PIFSC,BEAKED_ANALYSIS,OD_CLICK_FM,DETECTED
SWFSC_NEPAC_20241006_RODEOHACK,2026-01-30T23:45:51Z,2024-10-08T23:46:12Z,21,BBWH,PIFSC,BEAKED_ANALYSIS,OD_CLICK_FM,DETECTED
SWFSC_NEPAC_20240820_RODEOHACK,2026-01-31T00:01:57Z,2024-08-23T00:23:56Z,1319,BBWH,PIFSC,BEAKED_ANALYSIS,OD_CLICK_FM,DETECTED
SWFSC_NEPAC_20240914_RODEOHACK,2026-01-31T00:18:49Z,2024-09-19T00:22:02Z,193,BBWH,PIFSC,BEAKED_ANALYSIS,OD_CLICK_FM,DETECTED
SWFSC_NEPAC_20241027_RODEOHACK,2026-01-31T00:39:38Z,2024-11-06T00:42:27Z,169,BBWH,PIFSC,BEAKED_ANALYSIS,OD_CLICK_FM,DETECTED
SWFSC_NEPAC_20241027_RODEOHACK,2026-01-31T00:40:11Z,2024-10-28T00:40:22Z,11,BBWH,PIFSC,BEAKED_ANALYSIS,OD_CLICK_FM,DETECTED
SWFSC_NEPAC_20241026_RODEOHACK,2026-01-31T00:44:12Z,2024-11-04T00:44:43Z,31,BBWH,PIFSC,BEAKED_ANALYSIS,OD_CLICK_FM,DETECTED
SWFSC_NEPAC_20241027_RODEOHACK,2026-01-31T00:59:59Z,2024-11-03T01:01:51Z,112,BBWH,PIFSC,BEAKED_ANALYSIS,OD_CLICK_FM,DETECTED
SWFSC_NEPAC_20240914_RODEOHACK,2026-01-31T01:02:08Z,2024-09-20T01:15:22Z,794,BBWH,PIFSC,BEAKED_ANALYSIS,OD_CLICK_FM,DETECTED
SWFSC_NEPAC_20241028_RODEOHACK,2026-01-31T01:07:57Z,2024-11-06T01:16:37Z,520,BBWH,PIFSC,BEAKED_ANALYSIS,OD_CLICK_FM,DETECTED
SWFSC_NEPAC_20241123_RODEOHACK,2026-01-31T01:10:33Z,2024-11-25T01:27:31Z,1018,BBWH,PIFSC,BEAKED_ANALYSIS,OD_CLICK_FM,DETECTED
SWFSC_NEPAC_20241027_RODEOHACK,2026-01-31T01:33:01Z,2024-10-28T01:43:41Z,640,BBWH,PIFSC,BEAKED_ANALYSIS,OD_CLICK_FM,DETECTED
SWFSC_NEPAC_20241027_RODEOHACK,2026-01-31T01:48:22Z,2024-11-03T01:56:09Z,468,BBWH,PIFSC,BEAKED_ANALYSIS,OD_CLICK_FM,DETECTED
SWFSC_NEPAC_20241027_RODEOHACK,2026-01-31T02:05:22Z,2024-10-27T02:18:03Z,762,BBWH,PIFSC,BEAKED_ANALYSIS,OD_CLICK_FM,DETECTED
SWFSC_NEPAC_20240914_RODEOHACK,2026-01-31T02:06:25Z,2024-09-20T02:19:53Z,808,BBWH,PIFSC,BEAKED_ANALYSIS,OD_CLICK_FM,DETECTED
SWFSC_NEPAC_20241027_RODEOHACK,2026-01-31T02:08:09Z,2024-10-29T02:10:19Z,129,BBWH,PIFSC,BEAKED_ANALYSIS,OD_CLICK_FM,DETECTED
SWFSC_NEPAC_20241027_RODEOHACK,2026-01-31T02:26:40Z,2024-10-30T02:58:29Z,1910,BBWH,PIFSC,BEAKED_ANALYSIS,OD_CLICK_FM,DETECTED
SWFSC_NEPAC_20241027_RODEOHACK,2026-01-31T02:42:36Z,2024-11-08T03:07:09Z,1472,BBWH,PIFSC,BEAKED_ANALYSIS,OD_CLICK_FM,DETECTED
SWFSC_NEPAC_20241111_RODEOHACK,2026-01-31T03:14:01Z,2024-11-14T03:16:49Z,167,BBWH,PIFSC,BEAKED_ANALYSIS,OD_CLICK_FM,DETECTED
SWFSC_NEPAC_20241006_RODEOHACK,2026-01-31T03:44:35Z,2024-10-06T03:55:29Z,655,BBWH,PIFSC,BEAKED_ANALYSIS,OD_CLICK_FM,DETECTED
SWFSC_NEPAC_20240914_RODEOHACK,2026-01-31T03:48:39Z,2024-09-15T04:23:55Z,2116,BBWH,PIFSC,BEAKED_ANALYSIS,OD_CLICK_FM,DETECTED
SWFSC_NEPAC_20240914_RODEOHACK,2026-01-31T03:55:29Z,2024-09-18T04:12:56Z,1047,BBWH,PIFSC,BEAKED_ANALYSIS,OD_CLICK_FM,DETECTED
SWFSC_NEPAC_20241027_RODEOHACK,2026-01-31T04:04:26Z,2024-11-06T04:08:30Z,245,BBWH,PIFSC,BEAKED_ANALYSIS,OD_CLICK_FM,DETECTED
SWFSC_NEPAC_20241027_RODEOHACK,2026-01-31T04:08:56Z,2024-11-02T04:33:48Z,1492,BBWH,PIFSC,BEAKED_ANALYSIS,OD_CLICK_FM,DETECTED
SWFSC_NEPAC_20241006_RODEOHACK,2026-01-31T04:15:06Z,2024-10-10T04:15:36Z,30,BBWH,PIFSC,BEAKED_ANALYSIS,OD_CLICK_FM,DETECTED
SWFSC_NEPAC_20241006_RODEOHACK,2026-01-31T04:37:33Z,2024-10-06T05:02:01Z,1468,BBWH,PIFSC,BEAKED_ANALYSIS,OD_CLICK_FM,DETECTED
SWFSC_NEPAC_20241111_RODEOHACK,2026-01-31T04:59:35Z,2024-11-19T05:26:32Z,1617,BBWH,PIFSC,BEAKED_ANALYSIS,OD_CLICK_FM,DETECTED
SWFSC_NEPAC_20241123_RODEOHACK,2026-01-31T05:03:13Z,2024-12-02T05:24:03Z,1250,BBWH,PIFSC,BEAKED_ANALYSIS,OD_CLICK_FM,DETECTED
SWFSC_NEPAC_20241027_RODEOHACK,2026-01-31T05:29:25Z,2024-10-29T05:46:08Z,1004,BBWH,PIFSC,BEAKED_ANALYSIS,OD_CLICK_FM,DETECTED
SWFSC_NEPAC_20240913_RODEOHACK,2026-01-31T06:12:51Z,2024-09-16T06:17:46Z,296,BBWH,PIFSC,BEAKED_ANALYSIS,OD_CLICK_FM,DETECTED
SWFSC_NEPAC_20240913_RODEOHACK,2026-01-31T06:50:55Z,2024-09-16T07:02:12Z,677,BBWH,PIFSC,BEAKED_ANALYSIS,OD_CLICK_FM,DETECTED
SWFSC_NEPAC_20240914_RODEOHACK,2026-01-31T06:53:25Z,2024-09-22T07:03:25Z,600,BBWH,PIFSC,BEAKED_ANALYSIS,OD_CLICK_FM,DETECTED
SWFSC_NEPAC_20240913_RODEOHACK,2026-01-31T07:13:06Z,2024-09-18T07:23:23Z,618,BBWH,PIFSC,BEAKED_ANALYSIS,OD_CLICK_FM,DETECTED
SWFSC_NEPAC_20240914_RODEOHACK,2026-01-31T07:24:00Z,2024-09-17T07:55:22Z,1882,BBWH,PIFSC,BEAKED_ANALYSIS,OD_CLICK_FM,DETECTED
SWFSC_NEPAC_20241111_RODEOHACK,2026-01-31T07:28:56Z,2024-11-16T08:10:38Z,2503,BBWH,PIFSC,BEAKED_ANALYSIS,OD_CLICK_FM,DETECTED
SWFSC_NEPAC_20241026_RODEOHACK,2026-01-31T07:41:16Z,2024-11-09T07:41:18Z,3,BBWH,PIFSC,BEAKED_ANALYSIS,OD_CLICK_FM,DETECTED
SWFSC_NEPAC_20241123_RODEOHACK,2026-01-31T07:45:59Z,2024-12-02T07:59:24Z,805,BBWH,PIFSC,BEAKED_ANALYSIS,OD_CLICK_FM,DETECTED
SWFSC_NEPAC_20241027_RODEOHACK,2026-01-31T08:06:32Z,2024-11-03T08:27:43Z,1271,BBWH,PIFSC,BEAKED_ANALYSIS,OD_CLICK_FM,DETECTED
SWFSC_NEPAC_20241111_RODEOHACK,2026-01-31T08:13:17Z,2024-11-18T08:13:40Z,23,BBWH,PIFSC,BEAKED_ANALYSIS,OD_CLICK_FM,DETECTED
SWFSC_NEPAC_20241111_RODEOHACK,2026-01-31T08:22:53Z,2024-11-12T08:46:07Z,1394,BBWH,PIFSC,BEAKED_ANALYSIS,OD_CLICK_FM,DETECTED
SWFSC_NEPAC_20241111_RODEOHACK,2026-01-31T08:41:34Z,2024-11-18T08:53:39Z,725,BBWH,PIFSC,BEAKED_ANALYSIS,OD_CLICK_FM,DETECTED
SWFSC_NEPAC_20241026_RODEOHACK,2026-01-31T08:43:04Z,2024-11-07T09:26:28Z,2604,BBWH,PIFSC,BEAKED_ANALYSIS,OD_CLICK_FM,DETECTED
SWFSC_NEPAC_20240913_RODEOHACK,2026-01-31T08:50:56Z,2024-09-19T09:11:25Z,1228,BBWH,PIFSC,BEAKED_ANALYSIS,OD_CLICK_FM,DETECTED
SWFSC_NEPAC_20240914_RODEOHACK,2026-01-31T09:05:11Z,2024-09-15T09:05:15Z,3,BBWH,PIFSC,BEAKED_ANALYSIS,OD_CLICK_FM,DETECTED
SWFSC_NEPAC_20241005_RODEOHACK,2026-01-31T09:07:45Z,2024-10-10T09:19:47Z,722,BBWH,PIFSC,BEAKED_ANALYSIS,OD_CLICK_FM,DETECTED
SWFSC_NEPAC_20241027_RODEOHACK,2026-01-31T09:22:00Z,2024-10-31T09:28:29Z,390,BBWH,PIFSC,BEAKED_ANALYSIS,OD_CLICK_FM,DETECTED
SWFSC_NEPAC_20241027_RODEOHACK,2026-01-31T09:53:08Z,2024-11-08T10:46:55Z,3227,BBWH,PIFSC,BEAKED_ANALYSIS,OD_CLICK_FM,DETECTED
SWFSC_NEPAC_20241111_RODEOHACK,2026-01-31T10:08:17Z,2024-11-11T10:09:42Z,85,BBWH,PIFSC,BEAKED_ANALYSIS,OD_CLICK_FM,DETECTED
SWFSC_NEPAC_20240914_RODEOHACK,2026-01-31T10:19:44Z,2024-09-21T10:42:26Z,1362,BBWH,PIFSC,BEAKED_ANALYSIS,OD_CLICK_FM,DETECTED
SWFSC_NEPAC_20241026_RODEOHACK,2026-01-31T10:46:40Z,2024-11-08T10:48:21Z,101,BBWH,PIFSC,BEAKED_ANALYSIS,OD_CLICK_FM,DETECTED
SWFSC_NEPAC_20241006_RODEOHACK,2026-01-31T11:19:14Z,2024-10-11T11:19:28Z,14,BBWH,PIFSC,BEAKED_ANALYSIS,OD_CLICK_FM,DETECTED
SWFSC_NEPAC_20241006_RODEOHACK,2026-01-31T11:27:49Z,2024-10-13T11:59:32Z,1902,BBWH,PIFSC,BEAKED_ANALYSIS,OD_CLICK_FM,DETECTED
SWFSC_NEPAC_20241027_RODEOHACK,2026-01-31T11:34:30Z,2024-11-01T11:49:24Z,894,BBWH,PIFSC,BEAKED_ANALYSIS,OD_CLICK_FM,DETECTED
SWFSC_NEPAC_20240914_RODEOHACK,2026-01-31T11:36:22Z,2024-09-22T11:54:02Z,1060,BBWH,PIFSC,BEAKED_ANALYSIS,OD_CLICK_FM,DETECTED
SWFSC_NEPAC_20240914_RODEOHACK,2026-01-31T11:45:09Z,2024-09-21T11:51:07Z,358,BBWH,PIFSC,BEAKED_ANALYSIS,OD_CLICK_FM,DETECTED
SWFSC_NEPAC_20241006_RODEOHACK,2026-01-31T11:57:00Z,2024-10-08T13:43:08Z,6368,BBWH,PIFSC,BEAKED_ANALYSIS,OD_CLICK_FM,DETECTED
SWFSC_NEPAC_20241006_RODEOHACK,2026-01-31T12:29:15Z,2024-10-07T12:41:07Z,712,BBWH,PIFSC,BEAKED_ANALYSIS,OD_CLICK_FM,DETECTED
SWFSC_NEPAC_20241027_RODEOHACK,2026-01-31T13:02:37Z,2024-11-06T13:03:28Z,51,BBWH,PIFSC,BEAKED_ANALYSIS,OD_CLICK_FM,DETECTED
SWFSC_NEPAC_20241122_RODEOHACK,2026-01-31T13:03:20Z,2024-11-30T13:13:16Z,596,BBWH,PIFSC,BEAKED_ANALYSIS,OD_CLICK_FM,DETECTED
SWFSC_NEPAC_20241026_RODEOHACK,2026-01-31T13:12:18Z,2024-11-04T13:16:23Z,245,BBWH,PIFSC,BEAKED_ANALYSIS,OD_CLICK_FM,DETECTED
SWFSC_NEPAC_20241120_RODEOHACK,2026-01-31T14:03:35Z,2024-11-24T14:13:10Z,574,BBWH,PIFSC,BEAKED_ANALYSIS,OD_CLICK_FM,DETECTED
SWFSC_NEPAC_20241111_RODEOHACK,2026-01-31T14:18:11Z,2024-11-18T14:32:05Z,834,BBWH,PIFSC,BEAKED_ANALYSIS,OD_CLICK_FM,DETECTED
SWFSC_NEPAC_20241027_RODEOHACK,2026-01-31T14:18:20Z,2024-11-04T14:28:39Z,618,BBWH,PIFSC,BEAKED_ANALYSIS,OD_CLICK_FM,DETECTED
SWFSC_NEPAC_20240914_RODEOHACK,2026-01-31T14:56:08Z,2024-09-21T15:10:02Z,833,BBWH,PIFSC,BEAKED_ANALYSIS,OD_CLICK_FM,DETECTED
SWFSC_NEPAC_20241027_RODEOHACK,2026-01-31T15:17:21Z,2024-11-06T15:28:50Z,689,BBWH,PIFSC,BEAKED_ANALYSIS,OD_CLICK_FM,DETECTED
SWFSC_NEPAC_20241027_RODEOHACK,2026-01-31T15:31:56Z,2024-11-03T16:08:11Z,2175,BBWH,PIFSC,BEAKED_ANALYSIS,OD_CLICK_FM,DETECTED
SWFSC_NEPAC_20240914_RODEOHACK,2026-01-31T15:33:17Z,2024-09-22T15:50:47Z,1050,BBWH,PIFSC,BEAKED_ANALYSIS,OD_CLICK_FM,DETECTED
SWFSC_NEPAC_20240914_RODEOHACK,2026-01-31T15:42:39Z,2024-09-20T15:43:08Z,29,BBWH,PIFSC,BEAKED_ANALYSIS,OD_CLICK_FM,DETECTED
SWFSC_NEPAC_20241027_RODEOHACK,2026-01-31T15:49:49Z,2024-10-27T16:06:15Z,986,BBWH,PIFSC,BEAKED_ANALYSIS,OD_CLICK_FM,DETECTED
SWFSC_NEPAC_20241027_RODEOHACK,2026-01-31T16:01:49Z,2024-10-28T16:25:49Z,1441,BBWH,PIFSC,BEAKED_ANALYSIS,OD_CLICK_FM,DETECTED
SWFSC_NEPAC_20241006_RODEOHACK,2026-01-31T16:09:10Z,2024-10-09T16:10:56Z,106,BBWH,PIFSC,BEAKED_ANALYSIS,OD_CLICK_FM,DETECTED
SWFSC_NEPAC_20241026_RODEOHACK,2026-01-31T16:15:25Z,2024-11-04T16:21:43Z,378,BBWH,PIFSC,BEAKED_ANALYSIS,OD_CLICK_FM,DETECTED
SWFSC_NEPAC_20241026_RODEOHACK,2026-01-31T16:18:51Z,2024-11-05T16:20:27Z,96,BBWH,PIFSC,BEAKED_ANALYSIS,OD_CLICK_FM,DETECTED
SWFSC_NEPAC_20240913_RODEOHACK,2026-01-31T16:26:33Z,2024-09-19T16:30:05Z,212,BBWH,PIFSC,BEAKED_ANALYSIS,OD_CLICK_FM,DETECTED
SWFSC_NEPAC_20241026_RODEOHACK,2026-01-31T16:28:27Z,2024-11-08T17:25:28Z,3420,BBWH,PIFSC,BEAKED_ANALYSIS,OD_CLICK_FM,DETECTED
SWFSC_NEPAC_20240915_RODEOHACK,2026-01-31T16:45:39Z,2024-09-17T16:54:50Z,552,BBWH,PIFSC,BEAKED_ANALYSIS,OD_CLICK_FM,DETECTED
SWFSC_NEPAC_20241027_RODEOHACK,2026-01-31T16:46:23Z,2024-11-02T16:47:02Z,39,BBWH,PIFSC,BEAKED_ANALYSIS,OD_CLICK_FM,DETECTED
SWFSC_NEPAC_20240821_RODEOHACK,2026-01-31T16:55:34Z,2024-08-24T17:18:58Z,1404,BBWH,PIFSC,BEAKED_ANALYSIS,OD_CLICK_FM,DETECTED
SWFSC_NEPAC_20241120_RODEOHACK,2026-01-31T17:03:40Z,2024-11-30T17:27:30Z,1430,BBWH,PIFSC,BEAKED_ANALYSIS,OD_CLICK_FM,DETECTED
SWFSC_NEPAC_20241027_RODEOHACK,2026-01-31T17:05:53Z,2024-10-30T17:33:43Z,1670,BBWH,PIFSC,BEAKED_ANALYSIS,OD_CLICK_FM,DETECTED
SWFSC_NEPAC_20241027_RODEOHACK,2026-01-31T17:08:52Z,2024-11-03T17:22:25Z,813,BBWH,PIFSC,BEAKED_ANALYSIS,OD_CLICK_FM,DETECTED
SWFSC_NEPAC_20241006_RODEOHACK,2026-01-31T17:09:46Z,2024-10-10T17:10:47Z,62,BBWH,PIFSC,BEAKED_ANALYSIS,OD_CLICK_FM,DETECTED
SWFSC_NEPAC_20241005_RODEOHACK,2026-01-31T17:24:42Z,2024-10-09T17:55:24Z,1842,BBWH,PIFSC,BEAKED_ANALYSIS,OD_CLICK_FM,DETECTED
SWFSC_NEPAC_20240914_RODEOHACK,2026-01-31T17:52:12Z,2024-09-14T18:15:36Z,1405,BBWH,PIFSC,BEAKED_ANALYSIS,OD_CLICK_FM,DETECTED
SWFSC_NEPAC_20241026_RODEOHACK,2026-01-31T18:07:17Z,2024-10-29T18:21:38Z,861,BBWH,PIFSC,BEAKED_ANALYSIS,OD_CLICK_FM,DETECTED
SWFSC_NEPAC_20241009_RODEOHACK,2026-01-31T18:25:24Z,2024-10-10T18:27:44Z,140,BBWH,PIFSC,BEAKED_ANALYSIS,OD_CLICK_FM,DETECTED
SWFSC_NEPAC_20240914_RODEOHACK,2026-01-31T18:27:40Z,2024-09-21T19:15:54Z,2893,BBWH,PIFSC,BEAKED_ANALYSIS,OD_CLICK_FM,DETECTED
SWFSC_NEPAC_20241028_RODEOHACK,2026-01-31T18:40:26Z,2024-11-09T19:05:28Z,1502,BBWH,PIFSC,BEAKED_ANALYSIS,OD_CLICK_FM,DETECTED
SWFSC_NEPAC_20240914_RODEOHACK,2026-01-31T18:41:21Z,2024-09-17T19:17:19Z,2158,BBWH,PIFSC,BEAKED_ANALYSIS,OD_CLICK_FM,DETECTED
SWFSC_NEPAC_20241027_RODEOHACK,2026-01-31T18:41:45Z,2024-11-07T19:44:03Z,3739,BBWH,PIFSC,BEAKED_ANALYSIS,OD_CLICK_FM,DETECTED
SWFSC_NEPAC_20241028_RODEOHACK,2026-01-31T18:52:07Z,2024-11-02T18:52:09Z,2,BBWH,PIFSC,BEAKED_ANALYSIS,OD_CLICK_FM,DETECTED
SWFSC_NEPAC_20240820_RODEOHACK,2026-01-31T19:05:17Z,2024-08-22T19:05:49Z,32,BBWH,PIFSC,BEAKED_ANALYSIS,OD_CLICK_FM,DETECTED
SWFSC_NEPAC_20240820_RODEOHACK,2026-01-31T19:39:43Z,2024-08-24T19:39:45Z,2,BBWH,PIFSC,BEAKED_ANALYSIS,OD_CLICK_FM,DETECTED
SWFSC_NEPAC_20241028_RODEOHACK,2026-01-31T19:42:46Z,2024-10-28T19:42:56Z,10,BBWH,PIFSC,BEAKED_ANALYSIS,OD_CLICK_FM,DETECTED
SWFSC_NEPAC_20241026_RODEOHACK,2026-01-31T19:46:43Z,2024-10-28T19:47:00Z,17,BBWH,PIFSC,BEAKED_ANALYSIS,OD_CLICK_FM,DETECTED
SWFSC_NEPAC_20241123_RODEOHACK,2026-01-31T20:07:12Z,2024-11-29T20:31:03Z,1430,BBWH,PIFSC,BEAKED_ANALYSIS,OD_CLICK_FM,DETECTED
SWFSC_NEPAC_20241006_RODEOHACK,2026-01-31T20:09:13Z,2024-10-10T20:20:54Z,700,BBWH,PIFSC,BEAKED_ANALYSIS,OD_CLICK_FM,DETECTED
SWFSC_NEPAC_20241026_RODEOHACK,2026-01-31T20:14:39Z,2024-10-29T20:33:47Z,1147,BBWH,PIFSC,BEAKED_ANALYSIS,OD_CLICK_FM,DETECTED
SWFSC_NEPAC_20240913_RODEOHACK,2026-01-31T20:16:33Z,2024-09-20T20:24:20Z,467,BBWH,PIFSC,BEAKED_ANALYSIS,OD_CLICK_FM,DETECTED
SWFSC_NEPAC_20241122_RODEOHACK,2026-01-31T20:17:58Z,2024-12-01T20:44:21Z,1584,BBWH,PIFSC,BEAKED_ANALYSIS,OD_CLICK_FM,DETECTED
SWFSC_NEPAC_20240914_RODEOHACK,2026-01-31T21:08:15Z,2024-09-20T21:23:06Z,891,BBWH,PIFSC,BEAKED_ANALYSIS,OD_CLICK_FM,DETECTED
SWFSC_NEPAC_20241028_RODEOHACK,2026-01-31T21:10:39Z,2024-10-31T21:17:22Z,403,BBWH,PIFSC,BEAKED_ANALYSIS,OD_CLICK_FM,DETECTED
SWFSC_NEPAC_20240915_RODEOHACK,2026-01-31T21:46:51Z,2024-09-18T21:49:30Z,158,BBWH,PIFSC,BEAKED_ANALYSIS,OD_CLICK_FM,DETECTED
SWFSC_NEPAC_20241120_RODEOHACK,2026-01-31T21:47:55Z,2024-11-22T21:47:58Z,3,BBWH,PIFSC,BEAKED_ANALYSIS,OD_CLICK_FM,DETECTED
SWFSC_NEPAC_20240914_RODEOHACK,2026-01-31T21:58:55Z,2024-09-19T22:11:27Z,752,BBWH,PIFSC,BEAKED_ANALYSIS,OD_CLICK_FM,DETECTED
SWFSC_NEPAC_20241027_RODEOHACK,2026-01-31T22:04:58Z,2024-11-07T22:55:01Z,3003,BBWH,PIFSC,BEAKED_ANALYSIS,OD_CLICK_FM,DETECTED
SWFSC_NEPAC_20241027_RODEOHACK,2026-01-31T22:18:29Z,2024-10-27T22:49:41Z,1871,BBWH,PIFSC,BEAKED_ANALYSIS,OD_CLICK_FM,DETECTED
SWFSC_NEPAC_20240820_RODEOHACK,2026-01-31T22:42:46Z,2024-08-25T22:45:10Z,144,BBWH,PIFSC,BEAKED_ANALYSIS,OD_CLICK_FM,DETECTED
SWFSC_NEPAC_20241027_RODEOHACK,2026-01-31T22:59:23Z,2024-11-08T23:22:10Z,1367,BBWH,PIFSC,BEAKED_ANALYSIS,OD_CLICK_FM,DETECTED
SWFSC_NEPAC_20241005_RODEOHACK,2026-01-31T23:30:38Z,2024-10-08T23:39:20Z,523,BBWH,PIFSC,BEAKED_ANALYSIS,OD_CLICK_FM,DETECTED
SWFSC_NEPAC_20241111_RODEOHACK,2026-01-31T23:38:25Z,2024-11-20T23:46:17Z,472,BBWH,PIFSC,BEAKED_ANALYSIS,OD_CLICK_FM,DETECTED
SWFSC_NEPAC_20240914_RODEOHACK,2026-01-31T23:43:17Z,2024-09-21T23:49:10Z,353,BBWH,PIFSC,BEAKED_ANALYSIS,OD_CLICK_FM,DETECTED
SWFSC_NEPAC_20241111_RODEOHACK,2026-01-31T23:51:49Z,2024-11-15T23:51:56Z,7,BBWH,PIFSC,BEAKED_ANALYSIS,OD_CLICK_FM,DETECTED
SWFSC_NEPAC_20241123_RODEOHACK,2026-02-01T01:10:33Z,2024-11-25T01:27:31Z,1018,BBWH,PIFSC,BEAKED_ANALYSIS,OD_CLICK_FM,DETECTED
SWFSC_NEPAC_20240914_RODEOHACK,2026-02-01T02:19:05Z,2024-09-20T02:59:25Z,2420,BBWH,PIFSC,BEAKED_ANALYSIS,OD_CLICK_FM,DETECTED
SWFSC_NEPAC_20241006_RODEOHACK,2026-02-01T03:44:35Z,2024-10-06T03:55:29Z,655,BBWH,PIFSC,BEAKED_ANALYSIS,OD_CLICK_FM,DETECTED
SWFSC_NEPAC_20240914_RODEOHACK,2026-02-01T07:24:00Z,2024-09-17T07:55:22Z,1882,BBWH,PIFSC,BEAKED_ANALYSIS,OD_CLICK_FM,DETECTED
SWFSC_NEPAC_20241111_RODEOHACK,2026-02-01T08:13:17Z,2024-11-18T08:13:40Z,23,BBWH,PIFSC,BEAKED_ANALYSIS,OD_CLICK_FM,DETECTED
SWFSC_NEPAC_20240817_RODEOHACK,2026-02-01T15:23:03Z,2024-08-18T15:23:08Z,5,BBWH,PIFSC,BEAKED_ANALYSIS,OD_CLICK_FM,DETECTED
SWFSC_NEPAC_20241027_RODEOHACK,2026-02-01T16:38:05Z,2024-10-29T16:57:01Z,1136,BBWH,PIFSC,BEAKED_ANALYSIS,OD_CLICK_FM,DETECTED
SWFSC_NEPAC_20241005_RODEOHACK,2026-02-01T17:24:42Z,2024-10-09T17:55:24Z,1842,BBWH,PIFSC,BEAKED_ANALYSIS,OD_CLICK_FM,DETECTED
SWFSC_NEPAC_20240914_RODEOHACK,2026-02-01T19:29:02Z,2024-09-21T19:32:54Z,232,BBWH,PIFSC,BEAKED_ANALYSIS,OD_CLICK_FM,DETECTED
SWFSC_NEPAC_20240914_RODEOHACK,2026-02-01T20:31:46Z,2024-09-23T20:31:57Z,11,BBWH,PIFSC,BEAKED_ANALYSIS,OD_CLICK_FM,DETECTED
SWFSC_NEPAC_20240914_RODEOHACK,2026-02-01T20:59:49Z,2024-09-18T21:25:07Z,1517,BBWH,PIFSC,BEAKED_ANALYSIS,OD_CLICK_FM,DETECTED
SWFSC_NEPAC_20241122_RODEOHACK,2026-02-01T22:31:45Z,2024-11-28T22:38:05Z,381,BBWH,PIFSC,BEAKED_ANALYSIS,OD_CLICK_FM,DETECTED
SWFSC_NEPAC_20241111_RODEOHACK,2026-02-01T23:58:20Z,2024-11-18T00:42:44Z,2664,BBWH,PIFSC,BEAKED_ANALYSIS,OD_CLICK_FM,DETECTED
SWFSC_NEPAC_20241027_RODEOHACK,2026-02-02T07:16:47Z,2024-11-09T07:26:24Z,577,BBWH,PIFSC,BEAKED_ANALYSIS,OD_CLICK_FM,DETECTED
SWFSC_NEPAC_20241006_RODEOHACK,2026-02-02T09:12:58Z,2024-10-09T09:13:02Z,3,BBWH,PIFSC,BEAKED_ANALYSIS,OD_CLICK_FM,DETECTED
SWFSC_NEPAC_20241111_RODEOHACK,2026-02-02T10:08:17Z,2024-11-11T10:09:42Z,85,BBWH,PIFSC,BEAKED_ANALYSIS,OD_CLICK_FM,DETECTED
SWFSC_NEPAC_20241027_RODEOHACK,2026-02-02T10:44:18Z,2024-11-02T10:52:18Z,481,BBWH,PIFSC,BEAKED_ANALYSIS,OD_CLICK_FM,DETECTED
SWFSC_NEPAC_20240914_RODEOHACK,2026-02-02T11:16:31Z,2024-09-22T11:24:41Z,490,BBWH,PIFSC,BEAKED_ANALYSIS,OD_CLICK_FM,DETECTED
SWFSC_NEPAC_20240914_RODEOHACK,2026-02-02T12:20:45Z,2024-09-15T12:25:01Z,257,BBWH,PIFSC,BEAKED_ANALYSIS,OD_CLICK_FM,DETECTED
SWFSC_NEPAC_20241123_RODEOHACK,2026-02-02T18:43:21Z,2024-11-25T18:58:17Z,896,BBWH,PIFSC,BEAKED_ANALYSIS,OD_CLICK_FM,DETECTED
SWFSC_NEPAC_20241120_RODEOHACK,2026-02-02T19:43:09Z,2024-11-27T19:49:59Z,410,BBWH,PIFSC,BEAKED_ANALYSIS,OD_CLICK_FM,DETECTED
SWFSC_NEPAC_20241111_RODEOHACK,2026-02-03T02:28:32Z,2024-11-13T02:28:49Z,17,BBWH,PIFSC,BEAKED_ANALYSIS,OD_CLICK_FM,DETECTED
SWFSC_NEPAC_20241006_RODEOHACK,2026-02-03T20:35:58Z,2024-10-09T21:14:27Z,2309,BBWH,PIFSC,BEAKED_ANALYSIS,OD_CLICK_FM,DETECTED
SWFSC_NEPAC_20241027_RODEOHACK,2026-02-03T22:02:45Z,2024-11-04T22:26:08Z,1402,BBWH,PIFSC,BEAKED_ANALYSIS,OD_CLICK_FM,DETECTED
SWFSC_NEPAC_20240914_RODEOHACK,2026-02-03T23:21:30Z,2024-09-18T23:27:28Z,358,BBWH,PIFSC,BEAKED_ANALYSIS,OD_CLICK_FM,DETECTED
SWFSC_NEPAC_20241006_RODEOHACK,2026-02-04T01:44:13Z,2024-10-08T02:14:38Z,1826,BBWH,PIFSC,BEAKED_ANALYSIS,OD_CLICK_FM,DETECTED
SWFSC_NEPAC_20240914_RODEOHACK,2026-02-04T03:05:52Z,2024-09-19T03:22:42Z,1011,BBWH,PIFSC,BEAKED_ANALYSIS,OD_CLICK_FM,DETECTED
SWFSC_NEPAC_20241006_RODEOHACK,2026-02-04T07:50:29Z,2024-10-07T08:09:52Z,1163,BBWH,PIFSC,BEAKED_ANALYSIS,OD_CLICK_FM,DETECTED
SWFSC_NEPAC_20241028_RODEOHACK,2026-02-04T08:16:13Z,2024-11-02T08:38:56Z,1363,BBWH,PIFSC,BEAKED_ANALYSIS,OD_CLICK_FM,DETECTED
SWFSC_NEPAC_20241120_RODEOHACK,2026-02-04T08:29:41Z,2024-11-29T08:48:47Z,1147,BBWH,PIFSC,BEAKED_ANALYSIS,OD_CLICK_FM,DETECTED
SWFSC_NEPAC_20241026_RODEOHACK,2026-02-04T09:11:36Z,2024-11-02T09:35:46Z,1450,BBWH,PIFSC,BEAKED_ANALYSIS,OD_CLICK_FM,DETECTED
SWFSC_NEPAC_20241027_RODEOHACK,2026-02-04T11:46:06Z,2024-10-31T12:27:13Z,2467,BBWH,PIFSC,BEAKED_ANALYSIS,OD_CLICK_FM,DETECTED
SWFSC_NEPAC_20241027_RODEOHACK,2026-02-04T16:01:49Z,2024-10-28T16:25:49Z,1441,BBWH,PIFSC,BEAKED_ANALYSIS,OD_CLICK_FM,DETECTED
SWFSC_NEPAC_20240913_RODEOHACK,2026-02-04T16:45:00Z,2024-09-19T16:57:37Z,758,BBWH,PIFSC,BEAKED_ANALYSIS,OD_CLICK_FM,DETECTED
SWFSC_NEPAC_20241123_RODEOHACK,2026-02-04T23:11:12Z,2024-12-01T01:15:40Z,7468,BBWH,PIFSC,BEAKED_ANALYSIS,OD_CLICK_FM,DETECTED
SWFSC_NEPAC_20241026_RODEOHACK,2026-02-05T09:55:16Z,2024-11-08T10:04:59Z,583,BBWH,PIFSC,BEAKED_ANALYSIS,OD_CLICK_FM,DETECTED
SWFSC_NEPAC_20240914_RODEOHACK,2026-02-05T09:55:59Z,2024-09-17T09:57:05Z,66,BBWH,PIFSC,BEAKED_ANALYSIS,OD_CLICK_FM,DETECTED
SWFSC_NEPAC_20241028_RODEOHACK,2026-02-05T17:16:42Z,2024-11-06T18:14:09Z,3447,BBWH,PIFSC,BEAKED_ANALYSIS,OD_CLICK_FM,DETECTED
SWFSC_NEPAC_20241027_RODEOHACK,2026-02-05T17:44:26Z,2024-10-31T18:01:11Z,1005,BBWH,PIFSC,BEAKED_ANALYSIS,OD_CLICK_FM,DETECTED
SWFSC_NEPAC_20241027_RODEOHACK,2026-02-05T23:15:19Z,2024-11-07T23:47:55Z,1957,BBWH,PIFSC,BEAKED_ANALYSIS,OD_CLICK_FM,DETECTED
SWFSC_NEPAC_20240914_RODEOHACK,2026-02-06T01:53:19Z,2024-09-21T01:53:52Z,33,BBWH,PIFSC,BEAKED_ANALYSIS,OD_CLICK_FM,DETECTED
SWFSC_NEPAC_20241005_RODEOHACK,2026-02-06T02:42:13Z,2024-10-09T02:48:41Z,388,BBWH,PIFSC,BEAKED_ANALYSIS,OD_CLICK_FM,DETECTED
SWFSC_NEPAC_20240914_RODEOHACK,2026-02-06T04:59:25Z,2024-09-17T05:16:07Z,1002,BBWH,PIFSC,BEAKED_ANALYSIS,OD_CLICK_FM,DETECTED
SWFSC_NEPAC_20240914_RODEOHACK,2026-02-06T05:47:43Z,2024-09-23T05:59:46Z,723,BBWH,PIFSC,BEAKED_ANALYSIS,OD_CLICK_FM,DETECTED
SWFSC_NEPAC_20241027_RODEOHACK,2026-02-06T19:01:05Z,2024-11-02T19:01:08Z,3,BBWH,PIFSC,BEAKED_ANALYSIS,OD_CLICK_FM,DETECTED
SWFSC_NEPAC_20240914_RODEOHACK,2026-02-06T21:26:52Z,2024-09-16T21:39:19Z,747,BBWH,PIFSC,BEAKED_ANALYSIS,OD_CLICK_FM,DETECTED
SWFSC_NEPAC_20241027_RODEOHACK,2026-02-06T22:55:37Z,2024-10-30T00:04:45Z,4148,BBWH,PIFSC,BEAKED_ANALYSIS,OD_CLICK_FM,DETECTED
SWFSC_NEPAC_20241006_RODEOHACK,2026-02-07T00:50:25Z,2024-10-11T01:15:49Z,1524,BBWH,PIFSC,BEAKED_ANALYSIS,OD_CLICK_FM,DETECTED
SWFSC_NEPAC_20241027_RODEOHACK,2026-02-07T02:58:21Z,2024-11-02T03:08:24Z,603,BBWH,PIFSC,BEAKED_ANALYSIS,OD_CLICK_FM,DETECTED
SWFSC_NEPAC_20241027_RODEOHACK,2026-02-07T05:06:18Z,2024-11-05T05:19:53Z,815,BBWH,PIFSC,BEAKED_ANALYSIS,OD_CLICK_FM,DETECTED
SWFSC_NEPAC_20240914_RODEOHACK,2026-02-07T06:58:09Z,2024-09-15T07:02:52Z,284,BBWH,PIFSC,BEAKED_ANALYSIS,OD_CLICK_FM,DETECTED
SWFSC_NEPAC_20241005_RODEOHACK,2026-02-07T08:39:43Z,2024-10-11T08:52:56Z,792,BBWH,PIFSC,BEAKED_ANALYSIS,OD_CLICK_FM,DETECTED
SWFSC_NEPAC_20240914_RODEOHACK,2026-02-07T13:11:01Z,2024-09-18T13:16:37Z,336,BBWH,PIFSC,BEAKED_ANALYSIS,OD_CLICK_FM,DETECTED
SWFSC_NEPAC_20240914_RODEOHACK,2026-02-08T02:51:39Z,2024-09-15T02:51:42Z,3,BBWH,PIFSC,BEAKED_ANALYSIS,OD_CLICK_FM,DETECTED
SWFSC_NEPAC_20240914_RODEOHACK,2026-02-08T03:02:22Z,2024-09-21T03:15:22Z,780,BBWH,PIFSC,BEAKED_ANALYSIS,OD_CLICK_FM,DETECTED
SWFSC_NEPAC_20241027_RODEOHACK,2026-02-08T05:45:30Z,2024-11-04T06:15:03Z,1773,BBWH,PIFSC,BEAKED_ANALYSIS,OD_CLICK_FM,DETECTED
SWFSC_NEPAC_20240914_RODEOHACK,2026-02-08T10:49:25Z,2024-09-18T11:02:08Z,763,BBWH,PIFSC,BEAKED_ANALYSIS,OD_CLICK_FM,DETECTED
SWFSC_NEPAC_20241111_RODEOHACK,2026-02-08T11:02:06Z,2024-11-14T11:03:42Z,96,BBWH,PIFSC,BEAKED_ANALYSIS,OD_CLICK_FM,DETECTED
SWFSC_NEPAC_20240821_RODEOHACK,2026-02-08T12:40:29Z,2024-08-27T12:40:53Z,24,BBWH,PIFSC,BEAKED_ANALYSIS,OD_CLICK_FM,DETECTED
SWFSC_NEPAC_20241027_RODEOHACK,2026-02-09T00:39:38Z,2024-11-06T00:42:27Z,169,BBWH,PIFSC,BEAKED_ANALYSIS,OD_CLICK_FM,DETECTED
SWFSC_NEPAC_20240914_RODEOHACK,2026-02-09T05:25:00Z,2024-09-22T05:25:59Z,59,BBWH,PIFSC,BEAKED_ANALYSIS,OD_CLICK_FM,DETECTED
SWFSC_NEPAC_20241111_RODEOHACK,2026-02-09T08:38:38Z,2024-11-16T08:43:22Z,284,BBWH,PIFSC,BEAKED_ANALYSIS,OD_CLICK_FM,DETECTED
SWFSC_NEPAC_20241006_RODEOHACK,2026-02-09T11:57:00Z,2024-10-08T13:43:08Z,6368,BBWH,PIFSC,BEAKED_ANALYSIS,OD_CLICK_FM,DETECTED
SWFSC_NEPAC_20241006_RODEOHACK,2026-02-09T12:42:13Z,2024-10-10T12:51:40Z,567,BBWH,PIFSC,BEAKED_ANALYSIS,OD_CLICK_FM,DETECTED
SWFSC_NEPAC_20241026_RODEOHACK,2026-02-09T14:27:09Z,2024-11-07T14:52:55Z,1545,BBWH,PIFSC,BEAKED_ANALYSIS,OD_CLICK_FM,DETECTED
SWFSC_NEPAC_20240914_RODEOHACK,2026-02-09T16:06:49Z,2024-09-17T16:21:21Z,872,BBWH,PIFSC,BEAKED_ANALYSIS,OD_CLICK_FM,DETECTED
SWFSC_NEPAC_20240914_RODEOHACK,2026-02-09T16:32:32Z,2024-09-20T16:33:20Z,48,BBWH,PIFSC,BEAKED_ANALYSIS,OD_CLICK_FM,DETECTED
SWFSC_NEPAC_20241006_RODEOHACK,2026-02-09T17:37:05Z,2024-10-08T17:37:07Z,2,BBWH,PIFSC,BEAKED_ANALYSIS,OD_CLICK_FM,DETECTED
SWFSC_NEPAC_20240914_RODEOHACK,2026-02-09T17:56:00Z,2024-09-22T18:18:30Z,1350,BBWH,PIFSC,BEAKED_ANALYSIS,OD_CLICK_FM,DETECTED
SWFSC_NEPAC_20240914_RODEOHACK,2026-02-09T18:41:21Z,2024-09-17T19:17:19Z,2158,BBWH,PIFSC,BEAKED_ANALYSIS,OD_CLICK_FM,DETECTED
SWFSC_NEPAC_20241005_RODEOHACK,2026-02-09T23:30:38Z,2024-10-08T23:39:20Z,523,BBWH,PIFSC,BEAKED_ANALYSIS,OD_CLICK_FM,DETECTED
SWFSC_NEPAC_20240823_RODEOHACK,2026-02-10T00:05:33Z,2024-08-28T00:25:23Z,1190,BBWH,PIFSC,BEAKED_ANALYSIS,OD_CLICK_FM,DETECTED
SWFSC_NEPAC_20240820_RODEOHACK,2026-02-10T01:29:58Z,2024-08-22T01:31:33Z,94,BBWH,PIFSC,BEAKED_ANALYSIS,OD_CLICK_FM,DETECTED
SWFSC_NEPAC_20241027_RODEOHACK,2026-02-10T10:12:15Z,2024-10-29T10:12:17Z,2,BBWH,PIFSC,BEAKED_ANALYSIS,OD_CLICK_FM,DETECTED
SWFSC_NEPAC_20241027_RODEOHACK,2026-02-10T11:56:55Z,2024-11-07T12:05:42Z,527,BBWH,PIFSC,BEAKED_ANALYSIS,OD_CLICK_FM,DETECTED
SWFSC_NEPAC_20240914_RODEOHACK,2026-02-10T15:57:40Z,2024-09-23T16:10:08Z,748,BBWH,PIFSC,BEAKED_ANALYSIS,OD_CLICK_FM,DETECTED
SWFSC_NEPAC_20241120_RODEOHACK,2026-02-10T17:40:53Z,2024-11-28T17:46:50Z,357,BBWH,PIFSC,BEAKED_ANALYSIS,OD_CLICK_FM,DETECTED
SWFSC_NEPAC_20241028_RODEOHACK,2026-02-10T18:52:07Z,2024-11-02T18:52:09Z,2,BBWH,PIFSC,BEAKED_ANALYSIS,OD_CLICK_FM,DETECTED
SWFSC_NEPAC_20241026_RODEOHACK,2026-02-10T20:08:19Z,2024-11-08T20:45:18Z,2219,BBWH,PIFSC,BEAKED_ANALYSIS,OD_CLICK_FM,DETECTED
SWFSC_NEPAC_20241026_RODEOHACK,2026-02-10T23:02:46Z,2024-11-03T23:02:53Z,7,BBWH,PIFSC,BEAKED_ANALYSIS,OD_CLICK_FM,DETECTED
